1,2015-08-10T05:52:03Z,2013-05-07T00:09:00Z,8909.49,1,1,1
2,2015-10-31T00:29:42Z,2009-12-27T00:32:48Z,4880.60,2,2,2
3,2001-01-05T09:06:36Z,2013-09-03T16:13:10Z,4915.93,3,3,3
4,2008-04-30T07:08:08Z,2016-07-23T17:56:43Z,9393.70,4,4,4
5,2001-06-11T10:05:06Z,2017-02-20T15:02:14Z,2041.47,5,5,5
6,2012-03-07T11:49:03Z,2014-06-23T07:28:42Z,7031.20,6,6,6
7,2007-09-19T08:20:49Z,2009-08-14T00:51:44Z,2600.75,7,7,7
8,2005-04-02T10:16:25Z,2010-05-29T10:28:03Z,3896.00,8,8,8
9,2015-06-02T14:24:58Z,2015-04-20T04:53:03Z,161.09,9,9,9
10,2016-02-09T14:23:57Z,2011-01-01T12:17:32Z,6058.17,10,10,10
11,2012-01-17T22:57:56Z,2003-05-12T12:43:46Z,4345.89,11,11,11
12,2006-09-03T02:40:17Z,2005-12-30T20:14:27Z,9712.58,12,12,12
13,2008-03-09T00:50:53Z,2010-11-14T10:39:58Z,7021.10,13,13,13
14,2005-01-08T16:53:40Z,2003-02-26T08:02:14Z,5021.20,14,14,14
15,2012-04-06T16:31:46Z,2000-12-11T08:08:09Z,6044.88,15,15,15
16,2004-10-01T02:57:02Z,2009-02-22T10:29:19Z,3969.78,16,16,16
17,2004-07-24T17:58:02Z,2007-03-05T04:33:08Z,2010.22,17,17,17
18,2011-02-16T17:04:59Z,2015-11-23T04:32:29Z,3694.81,18,18,18
19,2011-11-03T15:56:34Z,2013-05-30T18:14:52Z,5972.24,19,19,19
20,2006-12-25T04:31:08Z,2004-09-07T10:58:52Z,6545.91,20,20,20
21,2005-03-17T05:59:42Z,2014-01-27T02:56:29Z,9454.61,21,21,21
22,2013-04-11T04:40:05Z,2004-04-05T16:13:38Z,8652.24,22,22,22
23,2006-02-25T17:11:27Z,2002-05-25T08:07:14Z,2723.89,23,23,23
24,2009-10-24T14:39:57Z,2006-12-30T17:28:09Z,1111.52,24,24,24
25,2008-01-16T23:39:29Z,2013-11-06T00:47:25Z,2667.93,25,25,25
26,2015-01-26T13:32:42Z,2014-01-30T12:17:01Z,5902.38,26,26,26
27,2002-02-13T07:31:56Z,2014-02-05T13:51:31Z,3295.44,27,27,27
28,2000-08-17T07:25:23Z,2010-12-27T11:25:32Z,5119.92,28,28,28
29,2013-12-16T13:30:58Z,2008-05-22T17:56:10Z,406.57,29,29,29
30,2006-04-22T22:01:13Z,2001-06-29T10:57:46Z,9946.61,30,30,30
31,2011-02-03T16:39:17Z,2001-09-03T20:04:10Z,2484.12,31,31,31
32,2006-10-03T21:14:18Z,2001-05-15T10:37:40Z,7613.56,32,32,32
33,2009-09-26T14:47:30Z,2006-12-02T07:27:55Z,3257.83,33,33,33
34,2013-01-23T08:21:58Z,2006-05-29T13:43:10Z,8736.90,34,34,34
35,2010-03-06T18:40:22Z,2016-05-11T01:41:07Z,308.82,35,35,35
36,2016-01-16T20:57:08Z,2006-08-03T13:53:53Z,5525.23,36,36,36
37,2014-05-03T01:52:30Z,2016-05-26T18:16:16Z,2589.14,37,37,37
38,2008-05-11T11:56:17Z,2013-04-27T03:11:56Z,8057.28,38,38,38
39,2014-01-29T17:55:28Z,2013-11-06T15:23:27Z,6907.60,39,39,39
40,2003-02-17T16:20:18Z,2012-11-07T19:00:58Z,2340.15,40,40,40
41,2017-05-28T13:30:03Z,2006-04-21T16:47:18Z,2935.48,41,41,41
42,2012-06-28T08:44:28Z,2010-12-20T00:43:44Z,7462.84,42,42,42
43,2016-04-07T10:02:03Z,2014-08-25T21:21:43Z,5534.83,43,43,43
44,2005-10-24T13:11:21Z,2000-09-12T16:01:39Z,5332.49,44,44,44
45,2007-01-12T01:59:16Z,2014-11-02T21:02:29Z,9317.69,45,45,45
46,2001-01-13T16:55:28Z,2001-11-22T05:04:31Z,1543.37,46,46,46
47,2003-09-17T05:44:55Z,2008-08-07T15:13:51Z,8264.91,47,47,47
48,2008-08-13T05:14:32Z,2008-11-02T22:27:30Z,3004.85,48,48,48
49,2000-09-11T21:20:00Z,2017-04-27T20:06:36Z,6329.07,49,49,49
50,2003-02-21T02:26:42Z,2015-02-05T14:03:35Z,2548.91,50,50,50
51,2007-10-30T17:17:36Z,2001-08-23T02:59:46Z,248.37,51,51,51
52,2007-09-04T07:56:09Z,2012-05-01T20:06:18Z,5244.66,52,52,52
53,2012-01-26T17:03:44Z,2009-12-14T20:17:58Z,2036.04,53,53,53
54,2010-10-27T21:35:36Z,2015-01-27T08:46:57Z,4423.45,54,54,54
55,2010-06-10T09:41:37Z,2012-03-27T02:09:40Z,1505.65,55,55,55
56,2001-12-28T19:16:29Z,2007-05-16T11:33:30Z,7954.39,56,56,56
57,2002-04-06T19:34:43Z,2014-05-18T20:06:20Z,4353.80,57,57,57
58,2011-05-19T00:54:11Z,2006-02-12T18:41:31Z,3178.76,58,58,58
59,2009-08-09T16:20:02Z,2001-06-06T11:18:30Z,4794.83,59,59,59
60,2017-01-14T19:15:02Z,2011-11-15T02:48:14Z,8512.35,60,60,60
61,2007-06-14T03:17:20Z,2001-01-18T16:55:49Z,7158.46,61,61,61
62,2012-08-08T00:11:09Z,2014-03-03T09:58:32Z,9139.33,62,62,62
63,2002-08-22T17:46:59Z,2008-12-24T22:14:53Z,2943.39,63,63,63
64,2011-09-30T03:17:12Z,2010-06-24T06:43:26Z,9571.80,64,64,64
65,2012-12-06T09:41:45Z,2015-11-21T21:06:06Z,7157.86,65,65,65
66,2013-12-07T10:28:27Z,2003-07-09T12:11:39Z,2010.29,66,66,66
67,2013-03-23T12:47:37Z,2014-03-25T17:15:07Z,1237.20,67,67,67
68,2012-03-22T05:52:48Z,2004-01-18T17:52:24Z,8207.84,68,68,68
69,2014-10-18T21:09:19Z,2017-06-12T22:11:31Z,5370.41,69,69,69
70,2000-08-18T21:10:03Z,2002-07-29T06:17:54Z,6908.18,70,70,70
71,2016-07-30T03:13:14Z,2014-05-07T05:13:02Z,9907.00,71,71,71
72,2003-05-08T07:03:01Z,2013-01-29T05:05:40Z,8762.29,72,72,72
73,2009-01-18T15:35:05Z,2009-09-05T04:12:54Z,9489.02,73,73,73
74,2013-01-29T18:15:04Z,2015-11-26T17:35:06Z,2124.51,74,74,74
75,2002-05-11T18:54:57Z,2012-05-16T01:12:59Z,7983.68,75,75,75
76,2005-07-14T12:53:42Z,2009-02-15T09:04:18Z,4361.78,76,76,76
77,2008-10-17T17:05:13Z,2004-11-09T23:15:02Z,7437.54,77,77,77
78,2006-09-27T19:25:30Z,2015-03-16T16:41:41Z,3646.43,78,78,78
79,2014-09-26T17:45:19Z,2002-01-14T00:22:05Z,8011.19,79,79,79
80,2012-09-05T13:39:19Z,2016-05-26T16:26:47Z,7797.03,80,80,80
81,2001-04-28T07:01:38Z,2003-09-15T22:39:08Z,4168.14,81,81,81
82,2010-08-27T12:08:31Z,2015-04-09T00:23:19Z,3113.17,82,82,82
83,2009-07-07T12:40:46Z,2000-12-03T18:46:36Z,5031.53,83,83,83
84,2003-07-30T05:43:12Z,2014-01-18T00:34:41Z,6224.46,84,84,84
85,2004-03-05T04:48:38Z,2008-02-28T14:34:54Z,937.02,85,85,85
86,2015-12-25T11:14:48Z,2012-07-26T20:12:37Z,9714.04,86,86,86
87,2014-11-09T11:44:47Z,2002-11-04T01:54:57Z,4477.89,87,87,87
88,2013-12-24T23:16:39Z,2000-11-22T08:58:36Z,6004.90,88,88,88
89,2014-03-17T16:12:41Z,2010-05-18T03:58:00Z,9614.45,89,89,89
90,2002-01-19T00:15:04Z,2017-07-26T20:42:33Z,9904.20,90,90,90
91,2007-10-31T14:57:20Z,2014-09-17T18:09:28Z,511.87,91,91,91
92,2014-03-10T19:57:06Z,2005-11-03T01:59:47Z,3189.95,92,92,92
93,2001-05-31T09:36:05Z,2008-07-04T10:28:07Z,9708.96,93,93,93
94,2007-03-03T19:08:51Z,2012-04-17T01:09:34Z,2792.52,94,94,94
95,2004-01-24T06:49:12Z,2010-08-06T04:59:52Z,4537.36,95,95,95
96,2012-10-01T08:36:11Z,2014-07-21T18:56:34Z,2283.36,96,96,96
97,2012-12-28T21:06:57Z,2003-12-11T19:50:17Z,7665.01,97,97,97
98,2012-02-13T01:59:21Z,2006-03-20T19:57:11Z,6631.98,98,98,98
99,2012-04-01T18:26:26Z,2016-04-22T03:16:27Z,6587.76,99,99,99
100,2016-09-01T12:33:21Z,2005-04-10T12:19:49Z,5551.46,100,100,100
101,2017-03-27T21:11:02Z,2009-10-30T18:48:08Z,5732.57,101,101,101
102,2001-08-26T16:09:52Z,2016-06-19T10:02:26Z,7760.85,102,102,102
103,2001-05-22T00:39:48Z,2008-05-14T22:42:58Z,6666.67,103,103,103
104,2013-07-13T04:49:05Z,2005-12-15T23:56:33Z,1217.16,104,104,104
105,2011-10-04T19:46:23Z,2015-06-30T05:50:54Z,6822.86,105,105,105
106,2008-10-03T05:22:11Z,2007-05-07T12:08:32Z,2333.42,106,106,106
107,2009-06-17T07:54:44Z,2016-12-30T10:11:27Z,9673.31,107,107,107
108,2012-02-16T23:11:45Z,2012-05-26T02:07:23Z,9030.49,108,108,108
109,2005-04-11T11:58:13Z,2012-06-27T23:46:16Z,3230.22,109,109,109
110,2000-10-02T19:57:12Z,2017-07-16T06:44:24Z,8969.52,110,110,110
111,2010-08-11T19:25:32Z,2014-03-26T03:37:13Z,6039.17,111,111,111
112,2012-08-20T18:05:43Z,2012-05-03T14:56:39Z,9694.43,112,112,112
113,2004-06-17T22:01:13Z,2001-07-29T23:56:57Z,507.41,113,113,113
114,2002-07-31T06:22:54Z,2007-04-03T06:25:47Z,9983.59,114,114,114
115,2003-02-25T18:26:09Z,2002-01-09T22:57:03Z,7510.83,115,115,115
116,2011-12-24T20:32:04Z,2012-09-11T06:02:58Z,8381.47,116,116,116
117,2002-05-05T11:49:01Z,2010-06-08T09:30:17Z,7778.86,117,117,117
118,2004-03-11T22:35:26Z,2001-01-20T19:30:23Z,1477.83,118,118,118
119,2009-05-07T23:48:48Z,2016-10-11T21:47:45Z,2245.04,119,119,119
120,2008-12-12T02:03:46Z,2005-07-27T03:18:19Z,3534.79,120,120,120
121,2011-10-07T04:50:49Z,2013-03-28T23:07:28Z,794.86,121,121,121
122,2011-06-01T10:05:18Z,2002-12-18T15:24:55Z,7811.64,122,122,122
123,2004-02-27T09:56:19Z,2015-01-26T16:31:57Z,283.12,123,123,123
124,2003-05-07T06:46:42Z,2017-01-02T13:19:52Z,3350.87,124,124,124
125,2010-08-06T15:10:42Z,2008-02-14T20:44:45Z,5716.70,125,125,125
126,2005-02-01T09:03:49Z,2007-06-10T20:57:28Z,6046.06,126,126,126
127,2011-07-10T23:52:42Z,2007-05-07T12:38:31Z,3375.33,127,127,127
128,2005-05-20T02:17:05Z,2006-10-08T06:28:31Z,2289.02,128,128,128
129,2004-02-01T18:22:29Z,2014-10-12T11:32:06Z,1852.26,129,129,129
130,2013-12-30T08:02:30Z,2007-09-25T00:46:29Z,6706.00,130,130,130
131,2014-09-11T17:26:59Z,2011-12-19T11:19:33Z,518.00,131,131,131
132,2002-07-10T06:41:49Z,2012-08-02T10:01:25Z,670.30,132,132,132
133,2007-08-20T19:50:18Z,2005-03-16T02:02:47Z,5863.33,133,133,133
134,2016-01-13T13:24:57Z,2004-12-24T11:04:07Z,625.79,134,134,134
135,2014-04-12T15:20:06Z,2012-07-23T06:57:59Z,866.18,135,135,135
136,2001-04-09T12:50:07Z,2012-08-22T09:44:10Z,6539.84,136,136,136
137,2017-03-29T13:45:45Z,2009-01-07T01:16:28Z,8831.06,137,137,137
138,2002-10-01T11:58:54Z,2010-05-21T01:56:17Z,8258.76,138,138,138
139,2014-04-04T10:41:02Z,2011-02-01T00:11:10Z,3004.06,139,139,139
140,2009-12-23T10:22:26Z,2013-08-10T00:04:47Z,6970.76,140,140,140
141,2007-06-15T10:18:10Z,2014-09-09T22:39:53Z,4857.86,141,141,141
142,2014-02-16T21:52:24Z,2015-07-18T15:36:42Z,7428.84,142,142,142
143,2013-09-15T22:55:22Z,2012-09-04T22:06:22Z,9138.31,143,143,143
144,2003-10-28T08:59:10Z,2014-06-25T23:04:57Z,3958.95,144,144,144
145,2002-01-21T06:21:58Z,2017-07-16T21:11:20Z,4144.48,145,145,145
146,2003-12-09T06:35:55Z,2003-09-06T23:52:47Z,5035.67,146,146,146
147,2007-09-10T15:05:00Z,2007-10-02T09:27:20Z,8904.45,147,147,147
148,2006-09-18T13:03:24Z,2004-09-28T07:44:22Z,3191.06,148,148,148
149,2014-02-18T12:09:35Z,2008-11-29T09:34:48Z,1013.02,149,149,149
150,2013-02-23T23:38:29Z,2011-03-16T09:47:56Z,1582.13,150,150,150
151,2016-01-07T03:53:08Z,2005-10-04T20:06:36Z,369.08,151,151,151
152,2012-06-12T00:01:48Z,2013-05-20T21:51:08Z,9814.96,152,152,152
153,2005-01-06T09:33:50Z,2003-07-15T06:39:34Z,3414.01,153,153,153
154,2010-07-08T01:46:03Z,2013-12-17T13:36:02Z,9052.83,154,154,154
155,2007-10-17T15:50:59Z,2005-12-13T13:48:35Z,9530.17,155,155,155
156,2013-02-10T09:42:20Z,2015-02-04T21:01:17Z,6212.16,156,156,156
157,2011-12-14T14:58:45Z,2006-04-13T12:22:05Z,1513.68,157,157,157
158,2003-06-09T13:39:42Z,2013-01-31T20:12:17Z,7132.19,158,158,158
159,2015-09-07T09:43:19Z,2013-11-15T12:53:15Z,8900.75,159,159,159
160,2009-01-16T14:00:55Z,2003-06-13T23:37:46Z,7495.35,160,160,160
161,2007-03-29T20:33:38Z,2013-12-01T18:54:01Z,3785.60,161,161,161
162,2014-07-31T09:18:37Z,2002-10-10T23:33:32Z,7714.48,162,162,162
163,2005-08-12T18:50:54Z,2008-05-02T22:33:38Z,2722.57,163,163,163
164,2005-05-11T05:04:12Z,2016-04-03T06:41:55Z,7519.30,164,164,164
165,2003-05-03T12:08:42Z,2006-10-14T16:28:35Z,8874.88,165,165,165
166,2000-09-12T18:38:20Z,2015-05-22T22:00:43Z,4930.93,166,166,166
167,2007-03-29T18:39:00Z,2013-04-04T05:04:02Z,7104.13,167,167,167
168,2008-07-12T08:49:01Z,2005-12-08T18:40:00Z,2936.17,168,168,168
169,2009-02-22T16:06:20Z,2007-04-07T19:46:38Z,3870.17,169,169,169
170,2014-08-18T01:50:13Z,2005-06-07T11:13:11Z,3109.24,170,170,170
171,2010-05-19T07:35:37Z,2008-03-10T12:27:58Z,8022.28,171,171,171
172,2014-09-30T00:10:20Z,2007-12-17T00:14:29Z,9265.55,172,172,172
173,2004-06-01T12:55:16Z,2016-09-30T20:03:15Z,960.68,173,173,173
174,2016-11-12T20:50:14Z,2017-05-13T10:31:13Z,3529.28,174,174,174
175,2003-08-07T22:19:51Z,2009-09-10T21:15:39Z,1118.19,175,175,175
176,2006-05-09T11:04:24Z,2016-08-22T15:01:40Z,3858.58,176,176,176
177,2001-08-27T10:10:05Z,2003-08-19T11:26:15Z,5969.53,177,177,177
178,2015-12-29T06:21:39Z,2001-03-31T23:25:47Z,1461.15,178,178,178
179,2001-09-08T06:44:03Z,2014-05-03T23:40:13Z,3605.77,179,179,179
180,2013-06-14T08:35:03Z,2006-10-23T01:09:02Z,3964.47,180,180,180
181,2016-12-01T20:24:31Z,2006-05-06T23:15:01Z,8598.02,181,181,181
182,2011-12-16T00:45:39Z,2013-09-14T06:56:47Z,3015.93,182,182,182
183,2005-10-02T20:28:09Z,2003-02-24T12:53:07Z,628.90,183,183,183
184,2010-02-25T01:40:32Z,2005-01-06T22:47:58Z,8109.59,184,184,184
185,2010-08-13T09:09:58Z,2017-04-30T13:30:02Z,3947.24,185,185,185
186,2006-04-28T22:38:13Z,2016-12-14T09:17:10Z,8588.52,186,186,186
187,2010-07-29T05:59:21Z,2004-07-21T08:43:38Z,4367.02,187,187,187
188,2015-08-07T10:01:50Z,2000-11-23T00:45:26Z,3348.57,188,188,188
189,2010-12-10T01:33:12Z,2002-03-04T08:58:41Z,7807.86,189,189,189
190,2009-09-21T10:38:17Z,2011-02-10T00:09:55Z,2014.19,190,190,190
191,2006-04-26T00:43:09Z,2014-03-25T22:56:34Z,5923.39,191,191,191
192,2008-06-03T20:37:09Z,2003-08-07T08:00:08Z,6627.57,192,192,192
193,2006-10-01T10:17:40Z,2005-10-09T19:33:50Z,1719.83,193,193,193
194,2009-08-29T07:54:43Z,2016-09-14T22:18:40Z,5276.98,194,194,194
195,2008-12-15T10:58:38Z,2012-01-12T14:37:28Z,1063.90,195,195,195
196,2007-11-18T23:08:26Z,2012-09-04T10:29:42Z,1172.01,196,196,196
197,2012-01-16T10:02:34Z,2015-09-15T17:00:06Z,4374.35,197,197,197
198,2008-11-10T17:11:33Z,2004-12-03T06:29:00Z,1220.34,198,198,198
199,2008-02-08T04:51:26Z,2014-10-17T01:17:13Z,6768.83,199,199,199
200,2017-02-04T08:36:42Z,2010-12-01T21:14:43Z,1835.90,200,200,200
201,2013-09-14T14:04:05Z,2017-05-26T14:28:50Z,6748.29,201,201,201
202,2004-01-29T20:08:48Z,2001-09-14T18:05:52Z,3489.54,202,202,202
203,2012-11-06T09:21:52Z,2003-01-16T13:05:54Z,5985.51,203,203,203
204,2003-08-04T17:23:58Z,2006-06-05T05:39:21Z,4202.24,204,204,204
205,2004-07-04T15:39:10Z,2007-11-04T03:55:30Z,4584.67,205,205,205
206,2008-07-14T20:09:55Z,2006-03-27T21:03:21Z,7238.09,206,206,206
207,2007-02-24T06:24:38Z,2002-08-06T11:32:27Z,9268.54,207,207,207
208,2012-04-14T05:25:42Z,2015-08-28T17:44:46Z,1057.99,208,208,208
209,2009-08-07T14:56:12Z,2010-09-20T18:53:55Z,9007.14,209,209,209
210,2004-10-23T10:19:30Z,2013-08-21T21:33:37Z,7717.03,210,210,210
211,2014-02-18T16:45:21Z,2002-09-20T06:51:41Z,6529.04,211,211,211
212,2008-05-03T06:16:21Z,2012-10-28T11:40:04Z,5605.22,212,212,212
213,2003-06-01T19:43:53Z,2010-01-15T23:11:48Z,7273.28,213,213,213
214,2008-08-19T19:24:08Z,2013-04-15T22:56:55Z,1991.04,214,214,214
215,2010-12-27T18:05:55Z,2008-11-30T12:53:46Z,2620.07,215,215,215
216,2004-09-26T20:08:03Z,2007-12-08T21:30:00Z,8388.14,216,216,216
217,2010-12-30T03:54:45Z,2003-03-18T17:49:43Z,4633.31,217,217,217
218,2008-10-09T20:48:00Z,2001-12-01T14:48:33Z,1466.73,218,218,218
219,2005-04-12T07:37:01Z,2008-01-18T13:18:54Z,231.92,219,219,219
220,2010-04-30T07:30:39Z,2017-05-20T03:10:59Z,5379.29,220,220,220
221,2014-01-07T08:35:20Z,2012-02-20T12:13:28Z,5737.84,221,221,221
222,2001-08-01T18:50:46Z,2012-03-09T18:46:38Z,4184.67,222,222,222
223,2001-09-04T15:53:56Z,2005-11-21T04:01:27Z,532.17,223,223,223
224,2015-03-26T03:53:22Z,2010-11-12T01:28:19Z,5344.82,224,224,224
225,2016-03-22T22:27:51Z,2007-04-29T05:13:02Z,2939.68,225,225,225
226,2006-01-02T12:32:20Z,2016-06-22T09:28:57Z,8792.32,226,226,226
227,2012-10-12T05:49:41Z,2005-03-28T04:15:31Z,49.62,227,227,227
228,2003-02-15T22:08:07Z,2012-09-18T11:47:30Z,1954.54,228,228,228
229,2009-09-05T15:16:22Z,2007-08-28T16:37:23Z,8177.16,229,229,229
230,2012-02-01T12:50:00Z,2017-02-27T13:37:46Z,6803.58,230,230,230
231,2002-08-17T18:41:53Z,2007-08-30T01:43:46Z,8492.77,231,231,231
232,2008-09-09T14:46:18Z,2013-04-01T10:43:44Z,1128.49,232,232,232
233,2006-11-06T09:40:07Z,2011-06-10T00:14:08Z,9523.15,233,233,233
234,2004-01-04T01:22:11Z,2017-01-05T14:06:00Z,5298.99,234,234,234
235,2016-04-24T04:36:35Z,2007-08-11T15:18:41Z,4074.78,235,235,235
236,2002-10-11T20:05:43Z,2009-01-08T17:10:58Z,4778.04,236,236,236
237,2002-02-20T10:56:58Z,2007-07-05T15:13:13Z,1875.49,237,237,237
238,2002-01-21T16:18:29Z,2007-09-26T07:15:12Z,1295.67,238,238,238
239,2011-06-29T11:06:57Z,2001-12-04T16:14:39Z,4399.73,239,239,239
240,2001-10-10T05:54:11Z,2009-09-05T07:20:38Z,9617.22,240,240,240
241,2004-04-29T11:29:00Z,2017-06-05T01:58:39Z,9681.47,241,241,241
242,2012-07-05T10:09:55Z,2014-06-29T15:09:37Z,3411.87,242,242,242
243,2002-08-05T18:25:30Z,2006-02-08T23:40:33Z,6369.30,243,243,243
244,2004-11-13T02:42:10Z,2007-11-18T00:35:34Z,1573.80,244,244,244
245,2012-07-18T16:05:49Z,2007-01-09T12:42:21Z,6390.51,245,245,245
246,2003-01-05T17:35:49Z,2017-05-02T21:50:06Z,75.62,246,246,246
247,2007-05-09T00:05:06Z,2017-05-16T04:37:13Z,5411.90,247,247,247
248,2010-06-13T23:50:11Z,2009-12-22T06:29:07Z,3236.46,248,248,248
249,2007-07-02T09:13:51Z,2006-02-05T08:20:41Z,2749.35,249,249,249
250,2010-04-30T16:24:35Z,2001-03-02T10:50:25Z,4828.06,250,250,250
251,2011-08-04T23:16:16Z,2006-11-23T15:47:05Z,542.17,251,251,251
252,2008-09-23T17:34:52Z,2003-05-09T10:52:23Z,5176.34,252,252,252
253,2009-10-10T06:19:29Z,2002-05-29T14:33:35Z,6416.69,253,253,253
254,2010-12-10T23:54:09Z,2000-10-10T16:18:35Z,934.41,254,254,254
255,2016-10-18T09:48:10Z,2014-04-25T04:04:32Z,9328.90,255,255,255
256,2016-12-25T00:32:14Z,2006-09-07T20:27:10Z,1819.55,256,256,256
257,2005-01-01T01:44:49Z,2013-04-29T06:48:32Z,5727.80,257,257,257
258,2007-02-01T04:49:57Z,2008-06-30T01:30:58Z,1955.90,258,258,258
259,2013-08-10T00:04:57Z,2006-04-15T16:34:07Z,9357.05,259,259,259
260,2005-02-21T10:02:53Z,2012-05-04T15:15:04Z,7015.74,260,260,260
261,2009-03-16T01:48:39Z,2003-09-02T09:11:24Z,3247.22,261,261,261
262,2013-03-10T12:19:08Z,2009-03-17T19:34:38Z,6747.43,262,262,262
263,2010-11-16T23:51:02Z,2011-01-13T02:28:28Z,2536.91,263,263,263
264,2012-12-10T17:13:04Z,2005-04-20T09:50:14Z,7125.11,264,264,264
265,2007-07-04T02:49:17Z,2011-08-13T07:42:20Z,5377.29,265,265,265
266,2015-09-13T15:36:50Z,2005-09-04T03:08:53Z,8896.89,266,266,266
267,2017-01-31T19:11:32Z,2003-06-23T14:31:41Z,5779.93,267,267,267
268,2002-03-29T21:40:27Z,2016-06-30T14:14:44Z,8934.84,268,268,268
269,2015-10-08T20:30:39Z,2005-04-02T00:42:21Z,1652.55,269,269,269
270,2010-12-02T03:07:04Z,2013-12-09T17:13:50Z,4166.19,270,270,270
271,2007-06-03T01:22:44Z,2012-10-24T04:35:37Z,283.57,271,271,271
272,2004-05-31T10:40:05Z,2006-10-17T21:47:28Z,3266.08,272,272,272
273,2016-06-08T09:48:13Z,2001-02-10T10:39:40Z,2943.56,273,273,273
274,2008-04-22T22:55:53Z,2008-12-29T21:22:47Z,3481.71,274,274,274
275,2008-10-28T06:04:21Z,2014-08-02T01:16:22Z,3309.81,275,275,275
276,2013-11-12T07:47:53Z,2003-07-24T23:03:51Z,5394.97,276,276,276
277,2006-07-12T10:54:32Z,2010-03-19T08:56:54Z,1925.85,277,277,277
278,2006-06-17T16:01:51Z,2009-09-18T22:06:48Z,2615.63,278,278,278
279,2008-11-06T14:41:46Z,2014-11-11T20:18:37Z,8651.17,279,279,279
280,2003-09-14T08:15:22Z,2009-06-02T20:48:55Z,5977.06,280,280,280
281,2006-03-24T09:15:05Z,2002-08-17T08:55:31Z,7782.47,281,281,281
282,2008-08-25T22:25:34Z,2015-01-13T05:25:49Z,2300.98,282,282,282
283,2002-02-10T20:01:42Z,2013-09-24T10:05:45Z,8158.21,283,283,283
284,2017-05-22T05:25:12Z,2014-05-11T00:31:11Z,382.13,284,284,284
285,2008-12-04T08:18:06Z,2016-03-17T15:55:40Z,6654.48,285,285,285
286,2001-05-21T04:18:37Z,2016-09-20T19:40:45Z,5908.13,286,286,286
287,2008-11-14T02:20:52Z,2011-12-05T00:33:18Z,4885.55,287,287,287
288,2016-03-01T11:11:24Z,2001-02-11T17:17:16Z,4529.70,288,288,288
289,2012-04-11T15:26:03Z,2013-07-10T03:59:12Z,3990.01,289,289,289
290,2002-04-10T22:04:58Z,2013-01-24T12:55:11Z,3069.78,290,290,290
291,2004-11-03T00:47:37Z,2014-03-10T12:43:09Z,1202.90,291,291,291
292,2001-08-17T03:53:50Z,2008-06-25T04:54:02Z,9009.47,292,292,292
293,2011-06-07T07:30:23Z,2002-07-25T03:25:25Z,1660.30,293,293,293
294,2009-05-29T07:05:10Z,2013-06-17T11:32:39Z,7410.84,294,294,294
295,2016-08-10T03:04:04Z,2016-06-29T03:21:17Z,629.29,295,295,295
296,2011-08-19T03:11:56Z,2009-03-21T01:04:30Z,3310.46,296,296,296
297,2012-07-24T06:59:49Z,2013-11-24T22:45:28Z,6591.34,297,297,297
298,2008-07-02T19:09:47Z,2006-05-11T22:35:06Z,3123.78,298,298,298
299,2013-07-20T17:44:08Z,2003-12-29T07:48:40Z,3266.34,299,299,299
300,2001-07-29T21:16:36Z,2011-12-04T07:48:02Z,2319.17,300,300,300
301,2010-11-18T19:43:01Z,2005-01-04T15:09:24Z,2501.49,301,301,301
302,2007-05-28T11:18:56Z,2013-02-22T23:47:28Z,7973.65,302,302,302
303,2010-05-25T00:54:41Z,2007-11-23T09:06:36Z,5365.35,303,303,303
304,2006-05-02T23:36:12Z,2012-02-18T07:06:40Z,7415.91,304,304,304
305,2008-11-29T11:44:20Z,2014-05-29T04:46:45Z,8210.95,305,305,305
306,2008-11-25T05:23:16Z,2003-08-18T03:02:12Z,4893.86,306,306,306
307,2001-04-19T11:28:41Z,2010-08-30T19:48:17Z,1663.20,307,307,307
308,2014-08-28T09:11:52Z,2004-08-01T22:42:13Z,7619.44,308,308,308
309,2001-06-24T07:50:12Z,2008-07-06T20:18:25Z,132.85,309,309,309
310,2003-04-17T08:21:02Z,2012-05-25T00:21:06Z,4163.86,310,310,310
311,2012-12-25T03:20:20Z,2004-12-20T09:02:01Z,5554.84,311,311,311
312,2016-07-14T17:08:56Z,2000-08-01T05:37:47Z,1601.65,312,312,312
313,2013-11-21T06:30:12Z,2009-05-29T22:04:52Z,1339.40,313,313,313
314,2012-09-24T09:45:49Z,2010-10-13T17:22:51Z,5653.80,314,314,314
315,2012-11-17T22:04:14Z,2010-08-15T00:25:55Z,1716.65,315,315,315
316,2001-01-18T00:44:52Z,2003-06-25T19:04:08Z,7636.73,316,316,316
317,2016-03-06T16:48:01Z,2013-12-23T15:42:35Z,461.16,317,317,317
318,2008-04-15T00:26:27Z,2006-08-23T16:42:27Z,4209.64,318,318,318
319,2016-01-29T02:31:10Z,2016-06-13T06:53:12Z,6846.95,319,319,319
320,2005-02-26T04:05:21Z,2011-12-30T10:43:20Z,2946.20,320,320,320
321,2012-01-16T18:00:14Z,2014-04-16T09:47:52Z,4724.63,321,321,321
322,2009-08-07T18:58:51Z,2003-09-16T10:30:16Z,6449.92,322,322,322
323,2013-10-23T11:48:13Z,2002-03-17T04:21:55Z,8160.10,323,323,323
324,2006-06-01T11:47:01Z,2008-10-01T09:35:27Z,354.89,324,324,324
325,2011-06-23T22:37:44Z,2007-10-07T14:33:39Z,7209.79,325,325,325
326,2001-03-31T17:07:52Z,2013-09-27T09:15:30Z,7736.68,326,326,326
327,2012-01-04T10:43:55Z,2005-10-26T17:58:51Z,2391.44,327,327,327
328,2014-02-02T21:05:48Z,2008-12-01T19:11:47Z,3480.77,328,328,328
329,2012-08-22T04:06:25Z,2017-05-10T16:20:49Z,3243.76,329,329,329
330,2014-03-01T09:41:28Z,2007-07-06T02:01:34Z,8603.76,330,330,330
331,2005-11-17T21:56:10Z,2013-02-16T04:23:15Z,5982.74,331,331,331
332,2005-11-28T01:22:00Z,2013-02-21T13:44:51Z,4563.57,332,332,332
333,2014-01-26T08:49:09Z,2002-04-07T20:39:33Z,2176.77,333,333,333
334,2015-09-11T13:07:39Z,2015-05-29T23:56:04Z,9080.78,334,334,334
335,2006-06-19T02:18:25Z,2002-01-26T07:05:29Z,3327.66,335,335,335
336,2014-06-03T06:03:27Z,2004-11-25T00:45:23Z,7474.97,336,336,336
337,2002-03-08T03:07:14Z,2011-01-07T10:11:23Z,1847.52,337,337,337
338,2006-05-21T21:07:02Z,2017-06-10T08:07:12Z,6560.14,338,338,338
339,2016-05-22T16:09:17Z,2009-01-06T04:49:14Z,6150.45,339,339,339
340,2006-07-22T14:18:00Z,2008-08-08T23:32:38Z,8687.45,340,340,340
341,2001-12-14T21:54:11Z,2007-08-17T03:11:03Z,7187.19,341,341,341
342,2002-03-16T11:59:31Z,2010-08-21T08:37:39Z,3919.39,342,342,342
343,2016-11-13T16:58:45Z,2011-04-30T23:40:38Z,9092.91,343,343,343
344,2003-09-21T17:30:44Z,2009-05-21T07:09:46Z,5755.38,344,344,344
345,2003-12-20T11:59:27Z,2013-06-12T09:22:31Z,158.64,345,345,345
346,2011-11-09T21:40:35Z,2016-05-04T08:30:15Z,4679.00,346,346,346
347,2003-07-24T17:31:13Z,2002-09-08T10:17:44Z,8858.52,347,347,347
348,2014-02-01T16:53:28Z,2013-02-18T02:57:51Z,7251.65,348,348,348
349,2012-01-12T20:44:07Z,2004-10-02T16:45:11Z,8980.21,349,349,349
350,2008-08-15T00:20:54Z,2010-03-08T02:18:11Z,966.92,350,350,350
351,2009-09-28T21:29:46Z,2014-07-03T11:43:30Z,3196.72,351,351,351
352,2011-02-27T09:03:04Z,2001-02-25T03:25:02Z,5176.35,352,352,352
353,2008-03-16T23:22:07Z,2010-08-14T13:59:02Z,1513.02,353,353,353
354,2003-05-05T09:25:02Z,2010-08-07T20:29:20Z,7783.95,354,354,354
355,2001-01-04T06:41:49Z,2009-04-13T15:09:57Z,9265.27,355,355,355
356,2012-11-13T04:27:47Z,2004-02-13T01:23:24Z,9836.85,356,356,356
357,2015-12-08T03:58:13Z,2012-03-24T00:25:45Z,6847.06,357,357,357
358,2011-07-28T06:49:37Z,2006-10-30T01:37:32Z,8711.27,358,358,358
359,2015-03-21T19:46:34Z,2004-07-06T10:01:21Z,9036.58,359,359,359
360,2015-08-13T16:34:41Z,2016-09-17T20:47:38Z,2586.60,360,360,360
361,2012-05-13T04:17:18Z,2012-09-05T03:07:16Z,1593.08,361,361,361
362,2002-05-26T02:48:16Z,2013-03-04T09:34:39Z,4327.79,362,362,362
363,2009-04-08T14:57:37Z,2003-03-20T18:39:13Z,3094.85,363,363,363
364,2014-03-15T12:58:49Z,2011-06-24T21:02:47Z,6994.20,364,364,364
365,2011-10-02T10:19:57Z,2009-10-19T04:52:13Z,7173.38,365,365,365
366,2008-05-11T03:40:10Z,2000-09-30T02:55:39Z,2913.76,366,366,366
367,2003-08-10T15:04:56Z,2001-06-03T15:23:21Z,2747.24,367,367,367
368,2013-06-03T13:13:16Z,2011-09-20T23:23:06Z,2212.04,368,368,368
369,2004-08-14T21:57:28Z,2012-10-26T04:02:16Z,4046.51,369,369,369
370,2014-12-23T05:03:54Z,2012-05-13T11:34:05Z,8356.28,370,370,370
371,2002-10-21T10:35:37Z,2002-06-30T03:26:19Z,6190.93,371,371,371
372,2012-08-27T19:19:14Z,2011-08-04T07:40:22Z,8180.72,372,372,372
373,2016-10-10T17:41:17Z,2012-12-12T13:58:05Z,5544.05,373,373,373
374,2011-08-03T01:34:00Z,2011-11-02T05:10:31Z,7696.21,374,374,374
375,2001-12-01T13:16:22Z,2012-12-04T04:02:18Z,5617.85,375,375,375
376,2006-08-28T06:51:27Z,2002-11-08T10:03:09Z,6054.19,376,376,376
377,2003-04-03T22:36:20Z,2012-11-04T00:15:50Z,6488.09,377,377,377
378,2004-12-26T17:11:58Z,2010-09-05T03:11:31Z,7523.84,378,378,378
379,2007-01-21T00:56:52Z,2010-11-21T22:55:41Z,453.37,379,379,379
380,2000-09-29T04:04:01Z,2002-07-27T19:44:25Z,4945.51,380,380,380
381,2011-12-11T15:03:57Z,2002-03-29T06:19:19Z,3472.28,381,381,381
382,2004-01-14T01:42:33Z,2012-02-07T11:15:26Z,5182.37,382,382,382
383,2012-06-07T00:54:24Z,2008-03-16T12:05:17Z,8999.99,383,383,383
384,2012-12-30T01:57:43Z,2003-11-01T22:00:27Z,4055.72,384,384,384
385,2000-08-21T17:20:12Z,2016-04-08T03:04:44Z,6951.05,385,385,385
386,2005-05-15T14:49:38Z,2002-09-03T16:32:12Z,3702.53,386,386,386
387,2004-03-12T02:23:50Z,2005-11-10T13:56:57Z,8148.59,387,387,387
388,2001-06-29T12:11:14Z,2017-05-26T19:14:37Z,7791.60,388,388,388
389,2004-10-24T01:46:38Z,2004-06-05T22:03:39Z,6138.87,389,389,389
390,2012-10-02T14:10:44Z,2016-04-05T03:14:47Z,6487.51,390,390,390
391,2014-06-02T20:12:26Z,2012-02-17T22:07:53Z,8211.24,391,391,391
392,2017-03-29T01:31:05Z,2001-02-23T17:40:54Z,5121.00,392,392,392
393,2002-08-30T20:27:31Z,2013-11-02T20:41:59Z,7193.33,393,393,393
394,2000-09-22T19:21:53Z,2013-09-01T07:00:37Z,8089.14,394,394,394
395,2003-09-26T04:13:29Z,2015-03-13T02:57:50Z,7346.76,395,395,395
396,2005-11-02T03:05:16Z,2007-03-16T03:03:21Z,1664.40,396,396,396
397,2015-06-15T01:34:15Z,2002-09-26T06:36:19Z,1811.74,397,397,397
398,2011-02-10T08:51:17Z,2001-04-21T19:40:25Z,4153.79,398,398,398
399,2007-08-01T19:34:11Z,2004-11-06T08:52:25Z,1254.09,399,399,399
400,2001-10-06T11:18:58Z,2016-06-04T06:16:36Z,5901.07,400,400,400
401,2012-10-06T00:20:59Z,2001-01-27T13:44:28Z,3645.29,401,401,401
402,2002-04-28T15:00:12Z,2013-08-16T21:19:29Z,68.25,402,402,402
403,2009-01-21T18:32:25Z,2003-09-12T14:01:34Z,1229.35,403,403,403
404,2009-04-13T01:24:42Z,2012-12-13T01:18:56Z,8196.27,404,404,404
405,2015-06-11T03:08:01Z,2002-10-05T01:19:20Z,4772.25,405,405,405
406,2004-04-22T14:28:10Z,2016-07-31T02:52:51Z,2177.28,406,406,406
407,2002-04-29T00:04:29Z,2004-02-01T18:15:22Z,6869.15,407,407,407
408,2004-07-12T15:04:18Z,2003-01-21T03:49:04Z,3707.25,408,408,408
409,2008-01-24T00:49:09Z,2003-05-14T02:44:18Z,692.61,409,409,409
410,2006-02-14T17:22:24Z,2015-02-22T08:55:51Z,5467.55,410,410,410
411,2013-12-05T07:02:29Z,2002-02-05T17:05:49Z,5350.03,411,411,411
412,2015-08-15T15:05:20Z,2014-03-18T14:06:07Z,6275.57,412,412,412
413,2002-01-13T06:46:17Z,2014-09-22T12:01:36Z,8459.61,413,413,413
414,2002-05-15T17:31:23Z,2001-08-21T13:24:11Z,579.44,414,414,414
415,2005-07-30T17:17:11Z,2004-12-31T07:26:36Z,8540.21,415,415,415
416,2009-01-24T14:44:27Z,2004-06-01T22:50:50Z,3285.57,416,416,416
417,2007-05-16T17:26:37Z,2017-03-03T05:05:15Z,6223.58,417,417,417
418,2003-07-09T07:33:53Z,2017-05-02T07:56:54Z,1120.72,418,418,418
419,2000-10-02T16:05:46Z,2000-08-05T16:32:47Z,5305.19,419,419,419
420,2004-09-01T06:05:16Z,2012-08-26T00:07:45Z,7726.44,420,420,420
421,2003-09-26T02:00:04Z,2007-06-28T05:47:12Z,3359.84,421,421,421
422,2010-07-13T21:06:04Z,2008-01-01T13:59:21Z,5222.38,422,422,422
423,2013-10-02T11:41:30Z,2012-05-14T01:22:27Z,5191.42,423,423,423
424,2014-08-26T14:39:18Z,2005-05-09T04:34:04Z,1273.67,424,424,424
425,2008-09-09T06:10:35Z,2007-12-21T21:29:01Z,8751.38,425,425,425
426,2006-11-17T03:00:50Z,2009-08-02T09:02:11Z,2364.69,426,426,426
427,2003-02-09T05:32:56Z,2001-07-20T22:50:53Z,5938.37,427,427,427
428,2011-06-23T03:21:25Z,2011-02-14T23:09:11Z,9574.54,428,428,428
429,2015-04-27T21:00:46Z,2013-01-03T13:34:11Z,2056.09,429,429,429
430,2010-07-24T07:08:36Z,2016-02-27T19:15:21Z,2408.09,430,430,430
431,2013-02-09T06:54:22Z,2000-10-30T15:51:03Z,4293.92,431,431,431
432,2012-10-18T18:11:53Z,2010-08-25T04:31:12Z,2963.33,432,432,432
433,2013-08-02T12:10:11Z,2002-07-30T19:38:39Z,3215.96,433,433,433
434,2004-12-28T02:24:15Z,2008-05-27T12:24:27Z,6691.45,434,434,434
435,2014-09-06T04:45:29Z,2009-01-17T17:46:49Z,4215.29,435,435,435
436,2016-10-19T17:49:49Z,2015-09-01T02:34:40Z,5441.66,436,436,436
437,2010-11-05T12:16:45Z,2017-07-20T09:44:27Z,5017.23,437,437,437
438,2006-03-18T17:44:54Z,2010-10-30T04:08:39Z,2886.74,438,438,438
439,2013-08-08T22:57:41Z,2000-09-15T10:12:23Z,7864.06,439,439,439
440,2002-01-18T04:30:11Z,2010-07-09T03:12:11Z,7273.72,440,440,440
441,2007-02-20T18:55:00Z,2013-09-21T06:13:18Z,8172.70,441,441,441
442,2007-07-22T22:34:49Z,2007-06-08T04:24:20Z,7149.73,442,442,442
443,2004-03-04T21:29:08Z,2012-05-21T12:11:58Z,8962.82,443,443,443
444,2003-07-30T02:43:57Z,2009-07-31T18:18:26Z,3964.32,444,444,444
445,2008-07-15T18:17:49Z,2006-11-08T00:37:08Z,7045.38,445,445,445
446,2006-04-13T16:13:15Z,2009-01-06T13:36:42Z,7682.86,446,446,446
447,2010-01-19T03:47:28Z,2016-12-06T16:57:19Z,6130.98,447,447,447
448,2002-05-16T06:06:32Z,2017-06-04T07:05:17Z,1819.80,448,448,448
449,2012-04-12T16:28:08Z,2010-07-28T22:41:21Z,7430.04,449,449,449
450,2012-01-10T12:40:46Z,2006-07-28T06:23:58Z,1570.83,450,450,450
451,2003-07-05T21:00:14Z,2013-11-29T05:45:51Z,2032.43,451,451,451
452,2009-11-29T09:41:25Z,2010-03-07T00:46:01Z,718.28,452,452,452
453,2004-07-14T15:45:31Z,2012-12-08T08:38:36Z,5640.39,453,453,453
454,2013-04-14T00:54:00Z,2003-05-17T19:09:59Z,280.86,454,454,454
455,2012-03-04T15:47:59Z,2003-01-17T16:14:31Z,2728.96,455,455,455
456,2001-03-20T16:38:19Z,2005-05-22T22:54:11Z,7072.92,456,456,456
457,2003-03-02T00:33:41Z,2013-01-06T05:23:52Z,8965.52,457,457,457
458,2012-06-04T19:29:13Z,2016-10-14T03:16:44Z,870.25,458,458,458
459,2011-08-18T06:19:05Z,2001-02-08T06:50:20Z,2802.84,459,459,459
460,2002-12-25T21:19:01Z,2012-04-20T10:10:35Z,5840.45,460,460,460
461,2017-06-21T15:29:17Z,2007-03-17T10:40:34Z,5993.98,461,461,461
462,2001-05-17T07:27:16Z,2003-03-07T12:33:01Z,6079.68,462,462,462
463,2001-09-17T14:54:39Z,2017-05-20T20:39:59Z,1452.60,463,463,463
464,2009-03-01T10:04:46Z,2008-05-26T14:58:16Z,3792.52,464,464,464
465,2013-07-17T14:06:04Z,2011-09-21T09:27:51Z,5776.77,465,465,465
466,2006-04-13T08:01:18Z,2010-12-27T11:24:55Z,1839.09,466,466,466
467,2016-08-02T03:30:01Z,2012-01-04T03:46:01Z,6019.18,467,467,467
468,2003-09-20T08:24:04Z,2004-12-03T09:11:12Z,6014.04,468,468,468
469,2007-05-06T13:23:41Z,2017-07-07T03:44:22Z,2996.49,469,469,469
470,2009-11-04T01:18:51Z,2004-03-31T22:33:26Z,5854.30,470,470,470
471,2002-10-28T11:56:02Z,2001-11-12T19:06:21Z,4765.46,471,471,471
472,2002-06-21T11:57:59Z,2011-03-25T09:33:25Z,9778.92,472,472,472
473,2000-12-21T11:59:01Z,2015-09-09T08:48:10Z,6655.25,473,473,473
474,2012-04-07T20:40:57Z,2014-11-25T05:20:44Z,7424.54,474,474,474
475,2015-07-08T00:23:06Z,2007-08-20T22:54:10Z,2867.27,475,475,475
476,2008-01-16T16:17:54Z,2011-11-30T15:56:01Z,233.61,476,476,476
477,2005-05-18T23:04:42Z,2008-11-17T13:34:54Z,2992.25,477,477,477
478,2015-12-26T09:53:03Z,2007-11-21T00:35:12Z,6529.79,478,478,478
479,2004-01-15T21:44:10Z,2014-04-27T17:50:46Z,4318.31,479,479,479
480,2000-12-21T08:26:21Z,2012-07-17T22:02:14Z,7503.71,480,480,480
481,2005-05-30T05:25:27Z,2006-03-05T21:21:38Z,8148.28,481,481,481
482,2016-05-01T08:29:07Z,2009-03-25T08:57:42Z,5660.85,482,482,482
483,2001-12-26T15:48:34Z,2001-04-16T01:33:19Z,8493.91,483,483,483
484,2011-08-24T20:14:08Z,2001-02-09T16:17:06Z,8980.79,484,484,484
485,2016-10-20T17:34:51Z,2001-05-10T06:00:22Z,2635.84,485,485,485
486,2005-06-26T10:16:10Z,2006-04-28T09:58:03Z,573.85,486,486,486
487,2010-09-06T03:44:32Z,2006-08-20T00:11:47Z,8134.68,487,487,487
488,2009-04-05T07:53:58Z,2001-11-14T19:42:47Z,3563.88,488,488,488
489,2013-05-10T14:56:26Z,2013-01-25T12:34:47Z,3434.81,489,489,489
490,2005-02-12T07:37:58Z,2008-05-30T08:17:35Z,9743.62,490,490,490
491,2006-08-13T07:32:32Z,2016-10-07T23:13:44Z,5859.99,491,491,491
492,2005-07-02T06:28:45Z,2008-03-22T23:10:02Z,115.55,492,492,492
493,2014-01-20T16:06:48Z,2013-07-05T19:03:23Z,2605.27,493,493,493
494,2009-07-02T02:40:05Z,2014-07-21T11:25:05Z,7563.02,494,494,494
495,2009-01-14T18:10:38Z,2012-09-06T16:29:59Z,4362.48,495,495,495
496,2015-02-13T08:16:21Z,2012-10-04T01:22:01Z,8504.54,496,496,496
497,2005-03-11T15:50:40Z,2014-03-09T16:52:39Z,2849.02,497,497,497
498,2016-02-01T08:55:49Z,2000-08-12T12:39:16Z,8775.53,498,498,498
499,2003-01-14T12:22:15Z,2002-06-22T01:20:16Z,2254.68,499,499,499
500,2013-12-28T04:59:27Z,2000-08-27T10:34:19Z,4549.34,500,500,500
501,2002-06-17T23:13:53Z,2016-12-20T21:11:02Z,5407.09,501,501,501
502,2003-10-20T07:14:01Z,2014-02-26T01:22:47Z,3579.17,502,502,502
503,2011-05-15T00:50:10Z,2013-07-23T07:52:33Z,2146.02,503,503,503
504,2007-08-25T19:57:46Z,2004-07-04T07:49:20Z,7569.77,504,504,504
505,2013-07-05T09:33:26Z,2011-11-04T18:45:41Z,3605.77,505,505,505
506,2004-03-25T05:26:11Z,2012-12-25T09:48:31Z,5305.02,506,506,506
507,2000-10-30T14:32:35Z,2001-03-15T10:58:36Z,6586.96,507,507,507
508,2005-04-13T04:15:48Z,2003-04-09T01:25:16Z,5160.24,508,508,508
509,2010-12-23T13:16:25Z,2003-07-15T06:54:44Z,3062.04,509,509,509
510,2001-01-02T21:28:51Z,2015-02-06T04:43:16Z,2537.87,510,510,510
511,2000-12-03T20:30:40Z,2013-03-24T22:27:13Z,4650.83,511,511,511
512,2004-08-05T22:08:12Z,2011-04-28T04:07:38Z,2025.39,512,512,512
513,2010-01-26T08:59:42Z,2012-08-12T05:13:39Z,2488.24,513,513,513
514,2009-04-20T01:58:54Z,2008-05-10T22:51:35Z,2934.18,514,514,514
515,2001-05-09T02:39:08Z,2011-02-11T12:33:15Z,1882.26,515,515,515
516,2004-06-18T23:17:42Z,2007-08-01T01:09:57Z,7339.23,516,516,516
517,2005-11-21T05:04:30Z,2012-08-15T14:11:50Z,9241.77,517,517,517
518,2007-05-26T09:14:18Z,2017-03-28T05:47:45Z,9388.91,518,518,518
519,2007-04-15T17:10:16Z,2017-04-14T09:49:16Z,5331.85,519,519,519
520,2009-03-18T13:15:48Z,2004-08-05T18:56:19Z,9460.72,520,520,520
521,2005-11-28T08:12:23Z,2001-12-05T09:30:53Z,8602.06,521,521,521
522,2016-07-19T04:57:47Z,2017-06-01T10:44:15Z,9888.01,522,522,522
523,2012-04-24T16:30:09Z,2010-05-14T19:50:34Z,3391.71,523,523,523
524,2011-10-02T19:01:13Z,2001-12-26T09:15:30Z,3931.29,524,524,524
525,2004-01-21T00:45:14Z,2013-10-20T07:27:51Z,5757.41,525,525,525
526,2005-08-04T19:48:30Z,2008-01-16T03:03:26Z,8043.31,526,526,526
527,2001-09-26T15:00:55Z,2010-12-16T23:07:42Z,5788.76,527,527,527
528,2011-03-20T15:08:52Z,2017-06-23T21:00:19Z,8611.20,528,528,528
529,2002-01-23T03:19:07Z,2017-01-01T03:55:32Z,9686.22,529,529,529
530,2008-08-30T12:23:47Z,2017-05-19T22:51:44Z,9457.96,530,530,530
531,2014-01-06T04:58:46Z,2015-10-17T02:26:29Z,7685.43,531,531,531
532,2002-09-22T03:37:14Z,2004-05-02T12:04:47Z,1927.14,532,532,532
533,2000-11-20T10:56:27Z,2011-10-28T20:07:57Z,1316.54,533,533,533
534,2014-12-09T15:04:11Z,2004-10-26T14:23:24Z,9694.65,534,534,534
535,2010-05-10T08:57:53Z,2014-01-15T12:55:51Z,3705.27,535,535,535
536,2015-01-06T05:30:01Z,2001-04-11T16:03:30Z,1612.21,536,536,536
537,2015-09-16T14:37:02Z,2011-07-06T09:40:50Z,9538.77,537,537,537
538,2006-01-17T20:11:52Z,2007-05-29T11:35:10Z,649.46,538,538,538
539,2007-10-15T18:05:28Z,2016-02-19T10:33:46Z,618.14,539,539,539
540,2013-09-20T12:44:22Z,2007-05-09T00:49:45Z,9739.91,540,540,540
541,2003-02-03T13:58:03Z,2004-02-28T01:44:53Z,4500.85,541,541,541
542,2015-08-12T13:29:29Z,2015-07-09T20:45:18Z,4960.37,542,542,542
543,2001-01-07T19:26:10Z,2007-03-02T08:09:08Z,2310.82,543,543,543
544,2006-01-11T08:29:59Z,2012-12-28T23:16:47Z,7445.72,544,544,544
545,2005-09-28T02:29:32Z,2008-07-14T03:54:51Z,814.73,545,545,545
546,2002-04-25T05:37:16Z,2000-09-20T03:18:58Z,2234.51,546,546,546
547,2005-04-06T20:31:45Z,2017-04-18T11:32:20Z,7952.60,547,547,547
548,2014-09-09T21:04:00Z,2009-09-20T13:23:58Z,227.58,548,548,548
549,2014-05-14T02:12:54Z,2010-08-21T12:31:43Z,3770.73,549,549,549
550,2004-11-11T17:14:55Z,2000-09-12T09:47:47Z,753.93,550,550,550
551,2007-07-12T15:45:40Z,2015-01-30T15:28:59Z,6886.12,551,551,551
552,2007-01-26T16:42:04Z,2010-04-25T14:20:28Z,3239.09,552,552,552
553,2010-03-13T02:35:01Z,2001-11-18T11:02:39Z,8927.73,553,553,553
554,2011-10-01T16:00:21Z,2003-01-01T06:02:38Z,1219.23,554,554,554
555,2014-02-23T11:01:27Z,2001-09-07T15:25:03Z,9623.12,555,555,555
556,2008-08-01T01:53:56Z,2008-12-01T06:42:51Z,1466.37,556,556,556
557,2004-07-13T20:06:17Z,2000-10-01T12:43:26Z,1407.92,557,557,557
558,2015-08-10T23:53:43Z,2003-12-19T17:16:39Z,8328.26,558,558,558
559,2014-09-11T01:56:15Z,2010-08-01T03:49:06Z,3789.82,559,559,559
560,2014-11-24T03:26:51Z,2009-07-23T13:57:46Z,4491.70,560,560,560
561,2004-09-02T06:25:42Z,2006-09-20T09:58:34Z,6744.26,561,561,561
562,2016-03-05T15:47:49Z,2002-08-01T20:17:47Z,1413.86,562,562,562
563,2007-12-16T05:34:50Z,2016-08-06T15:22:52Z,6193.26,563,563,563
564,2002-03-29T13:26:02Z,2016-11-25T09:54:55Z,1029.15,564,564,564
565,2013-10-12T13:50:01Z,2011-08-12T03:34:20Z,9203.88,565,565,565
566,2008-12-27T18:20:35Z,2006-02-17T21:23:53Z,4926.51,566,566,566
567,2004-03-13T04:39:02Z,2016-06-26T04:48:19Z,4031.25,567,567,567
568,2011-06-07T04:07:31Z,2011-04-10T01:11:21Z,6276.28,568,568,568
569,2005-01-13T01:56:38Z,2006-11-07T02:44:00Z,5927.41,569,569,569
570,2004-04-17T01:43:15Z,2005-07-05T05:14:08Z,8875.82,570,570,570
571,2016-05-07T15:39:36Z,2009-12-10T17:24:34Z,4931.97,571,571,571
572,2012-12-16T07:37:29Z,2008-03-30T18:02:05Z,9957.66,572,572,572
573,2008-03-12T00:57:34Z,2002-11-12T18:52:30Z,3959.63,573,573,573
574,2011-12-31T17:20:29Z,2010-02-07T09:28:28Z,2048.90,574,574,574
575,2007-06-09T08:01:55Z,2003-07-13T13:37:54Z,5206.16,575,575,575
576,2011-11-05T04:30:37Z,2017-03-31T17:08:21Z,3379.40,576,576,576
577,2003-06-05T20:19:13Z,2010-02-05T05:50:29Z,9118.16,577,577,577
578,2013-08-19T08:17:01Z,2016-12-17T04:17:42Z,6380.54,578,578,578
579,2006-01-14T16:13:42Z,2013-09-21T13:54:10Z,7865.64,579,579,579
580,2008-08-08T04:55:44Z,2004-08-21T04:13:40Z,3755.68,580,580,580
581,2012-09-24T15:35:38Z,2012-04-01T15:24:58Z,6184.49,581,581,581
582,2002-09-29T13:19:00Z,2007-07-25T16:38:37Z,3005.10,582,582,582
583,2002-03-06T15:02:38Z,2015-11-27T02:37:33Z,8489.69,583,583,583
584,2012-11-02T04:44:53Z,2001-11-14T08:38:19Z,37.38,584,584,584
585,2001-04-28T16:45:53Z,2016-04-28T23:41:30Z,2303.70,585,585,585
586,2008-09-26T22:45:52Z,2015-11-15T15:16:30Z,986.95,586,586,586
587,2001-07-10T03:25:10Z,2001-01-23T02:31:03Z,7344.17,587,587,587
588,2004-08-23T21:04:22Z,2003-07-20T15:25:22Z,220.39,588,588,588
589,2012-10-20T11:08:12Z,2017-03-14T23:35:48Z,3916.88,589,589,589
590,2014-09-17T08:48:01Z,2012-08-29T06:14:35Z,5452.25,590,590,590
591,2005-04-29T12:29:34Z,2011-11-02T04:25:32Z,5139.38,591,591,591
592,2005-11-11T06:32:29Z,2001-09-22T17:04:42Z,8397.70,592,592,592
593,2007-02-01T11:56:22Z,2001-09-21T17:55:54Z,9567.51,593,593,593
594,2009-09-09T09:14:10Z,2007-10-27T15:51:46Z,202.30,594,594,594
595,2015-09-24T08:15:05Z,2007-01-11T13:43:40Z,4001.93,595,595,595
596,2001-02-06T08:48:51Z,2009-08-08T07:41:52Z,4227.30,596,596,596
597,2015-07-02T15:22:07Z,2017-05-29T00:18:41Z,5276.64,597,597,597
598,2016-07-09T19:13:52Z,2007-10-01T23:15:17Z,9105.84,598,598,598
599,2017-04-27T20:57:59Z,2001-05-20T22:12:09Z,7683.04,599,599,599
600,2014-04-24T09:43:02Z,2001-01-15T11:47:39Z,4721.08,600,600,600
601,2008-01-06T23:39:36Z,2012-11-29T23:54:07Z,8081.20,601,601,601
602,2010-12-13T18:23:58Z,2006-01-29T08:01:38Z,4866.14,602,602,602
603,2006-04-01T17:53:01Z,2016-04-15T07:11:26Z,201.53,603,603,603
604,2004-09-21T16:40:30Z,2006-02-19T14:50:02Z,6790.62,604,604,604
605,2015-03-24T11:01:53Z,2015-03-15T02:59:04Z,7782.53,605,605,605
606,2005-05-02T18:09:53Z,2014-03-18T17:53:41Z,4759.16,606,606,606
607,2004-02-16T03:24:17Z,2008-07-26T08:47:18Z,8737.31,607,607,607
608,2012-06-19T14:10:43Z,2009-08-03T15:02:25Z,1959.22,608,608,608
609,2004-01-21T19:55:18Z,2008-03-19T18:59:34Z,3036.21,609,609,609
610,2015-09-30T09:02:45Z,2004-02-16T14:46:11Z,3274.66,610,610,610
611,2002-09-18T02:06:07Z,2013-07-06T18:46:38Z,4946.56,611,611,611
612,2002-08-06T02:08:42Z,2002-07-18T17:05:58Z,9391.60,612,612,612
613,2015-02-14T10:43:39Z,2007-09-19T04:46:48Z,3166.53,613,613,613
614,2005-05-18T15:31:57Z,2006-12-30T06:02:30Z,4299.80,614,614,614
615,2011-07-13T02:09:15Z,2011-03-27T20:14:19Z,7702.83,615,615,615
616,2010-04-22T06:02:22Z,2004-05-06T14:16:05Z,2271.82,616,616,616
617,2003-02-02T03:38:55Z,2004-08-25T09:24:34Z,6336.71,617,617,617
618,2003-06-13T00:23:09Z,2013-05-31T10:49:13Z,4977.40,618,618,618
619,2003-03-24T10:36:21Z,2001-07-29T04:13:10Z,3780.11,619,619,619
620,2007-10-28T22:59:21Z,2005-03-16T01:19:54Z,9929.42,620,620,620
621,2001-04-13T08:36:57Z,2003-05-25T02:04:29Z,1377.49,621,621,621
622,2013-08-28T13:55:11Z,2003-01-05T05:17:49Z,4266.33,622,622,622
623,2010-01-18T01:27:53Z,2004-05-28T04:32:51Z,2379.54,623,623,623
624,2003-03-08T17:06:15Z,2007-09-24T01:20:51Z,5092.86,624,624,624
625,2005-11-17T23:06:19Z,2006-03-22T05:47:33Z,5563.16,625,625,625
626,2007-02-07T05:50:29Z,2015-02-13T07:08:01Z,6553.77,626,626,626
627,2014-02-25T01:30:58Z,2014-04-16T10:30:47Z,574.93,627,627,627
628,2010-12-09T11:22:44Z,2002-02-02T16:40:26Z,8420.57,628,628,628
629,2007-05-02T06:33:24Z,2011-08-06T07:44:47Z,4927.78,629,629,629
630,2005-11-26T14:15:00Z,2012-06-14T22:22:51Z,7950.59,630,630,630
631,2000-12-21T08:34:22Z,2001-12-20T23:10:08Z,626.69,631,631,631
632,2011-02-26T08:09:09Z,2001-01-02T17:42:03Z,8141.19,632,632,632
633,2015-01-17T21:26:52Z,2008-11-12T23:43:42Z,6585.41,633,633,633
634,2005-03-26T19:56:13Z,2002-04-10T15:44:44Z,2526.53,634,634,634
635,2002-12-18T15:15:20Z,2011-01-26T06:05:22Z,2833.38,635,635,635
636,2015-09-22T14:08:20Z,2008-05-08T19:47:58Z,8341.41,636,636,636
637,2009-10-08T23:58:59Z,2009-10-08T17:06:52Z,1705.91,637,637,637
638,2007-04-06T10:05:34Z,2005-08-12T03:32:11Z,1730.07,638,638,638
639,2012-09-14T05:05:39Z,2014-11-13T22:46:29Z,9310.50,639,639,639
640,2005-11-13T04:27:23Z,2007-07-11T16:50:22Z,7150.83,640,640,640
641,2009-05-13T01:49:47Z,2010-06-04T15:39:43Z,3182.28,641,641,641
642,2009-02-11T14:14:25Z,2002-10-15T01:20:02Z,4724.19,642,642,642
643,2009-12-04T09:42:52Z,2001-04-21T07:52:51Z,2305.52,643,643,643
644,2014-03-24T01:53:04Z,2008-03-06T19:16:47Z,6801.53,644,644,644
645,2007-02-01T14:12:08Z,2005-06-05T08:27:32Z,99.96,645,645,645
646,2016-01-20T09:42:34Z,2016-02-28T04:47:21Z,7469.39,646,646,646
647,2014-03-07T08:24:52Z,2017-07-09T00:50:25Z,5441.75,647,647,647
648,2013-09-07T16:13:42Z,2011-07-29T16:51:56Z,7829.44,648,648,648
649,2006-08-30T14:02:17Z,2005-11-09T16:01:15Z,4729.25,649,649,649
650,2015-12-16T12:42:04Z,2015-04-30T21:42:14Z,7020.38,650,650,650
651,2014-08-04T04:37:07Z,2009-08-25T21:15:54Z,6022.05,651,651,651
652,2007-04-23T09:54:10Z,2016-04-13T09:57:29Z,1643.64,652,652,652
653,2006-09-26T23:25:41Z,2005-05-07T09:44:47Z,1113.54,653,653,653
654,2005-06-16T08:19:44Z,2008-01-28T01:03:39Z,5031.53,654,654,654
655,2012-02-19T05:52:18Z,2014-04-11T03:46:26Z,306.96,655,655,655
656,2001-08-07T07:02:36Z,2017-01-19T13:25:27Z,7127.96,656,656,656
657,2013-02-22T20:26:24Z,2006-05-31T17:53:27Z,8791.12,657,657,657
658,2008-07-28T09:50:36Z,2002-10-11T06:16:08Z,2110.81,658,658,658
659,2015-06-03T11:22:09Z,2007-10-02T05:40:46Z,4336.12,659,659,659
660,2014-07-01T18:06:02Z,2008-11-17T04:30:26Z,7410.26,660,660,660
661,2003-03-21T16:40:05Z,2015-10-17T15:56:02Z,8198.90,661,661,661
662,2008-05-21T04:47:08Z,2009-03-16T01:33:35Z,9493.89,662,662,662
663,2017-03-01T04:49:52Z,2005-11-29T22:29:09Z,6723.63,663,663,663
664,2014-10-29T05:48:36Z,2015-10-22T10:04:07Z,5414.13,664,664,664
665,2001-06-06T22:56:10Z,2012-12-27T11:13:05Z,5768.64,665,665,665
666,2013-09-13T01:47:15Z,2007-03-04T20:31:16Z,4963.05,666,666,666
667,2006-03-29T08:50:36Z,2006-12-16T02:17:18Z,550.88,667,667,667
668,2016-12-21T09:27:16Z,2016-11-25T12:46:30Z,5728.50,668,668,668
669,2010-03-02T00:27:15Z,2009-03-21T08:38:42Z,9056.94,669,669,669
670,2000-11-22T21:25:21Z,2008-01-09T18:53:25Z,2629.30,670,670,670
671,2005-09-23T22:51:50Z,2015-01-23T01:55:24Z,3210.51,671,671,671
672,2016-03-26T04:59:20Z,2012-03-07T22:25:19Z,6763.99,672,672,672
673,2002-01-19T01:55:29Z,2007-05-07T12:00:36Z,3243.45,673,673,673
674,2016-05-14T10:53:30Z,2008-11-16T23:13:35Z,9684.88,674,674,674
675,2001-07-29T13:01:05Z,2002-06-01T09:26:38Z,401.40,675,675,675
676,2006-05-18T14:26:48Z,2010-06-09T12:28:47Z,4086.38,676,676,676
677,2011-08-02T04:05:30Z,2002-10-18T03:34:50Z,9201.88,677,677,677
678,2008-12-11T03:04:21Z,2002-08-12T10:13:18Z,1494.14,678,678,678
679,2016-05-17T08:19:13Z,2009-03-24T08:01:34Z,8980.36,679,679,679
680,2017-02-03T14:38:18Z,2005-07-13T00:10:52Z,6037.43,680,680,680
681,2014-01-11T10:14:12Z,2004-04-22T23:55:51Z,1300.02,681,681,681
682,2003-11-17T07:33:47Z,2001-06-14T14:11:16Z,2641.96,682,682,682
683,2005-11-25T15:05:23Z,2005-05-24T04:48:22Z,8906.68,683,683,683
684,2011-01-06T03:25:37Z,2009-01-18T13:46:02Z,6192.83,684,684,684
685,2015-06-03T07:29:20Z,2003-03-31T21:24:13Z,3022.85,685,685,685
686,2012-02-24T08:12:41Z,2015-08-02T14:51:09Z,5766.13,686,686,686
687,2017-02-18T05:08:13Z,2001-07-16T01:38:25Z,548.46,687,687,687
688,2009-08-18T20:51:26Z,2010-08-08T16:57:34Z,9731.91,688,688,688
689,2011-02-16T18:34:28Z,2016-07-08T20:00:00Z,9563.38,689,689,689
690,2014-05-29T01:12:28Z,2006-05-16T00:03:46Z,3082.10,690,690,690
691,2002-07-04T07:18:36Z,2017-06-13T02:58:33Z,5341.55,691,691,691
692,2014-02-06T15:58:15Z,2007-01-21T13:56:01Z,2053.89,692,692,692
693,2010-02-11T15:45:36Z,2006-10-01T13:04:06Z,3733.05,693,693,693
694,2015-11-07T17:51:28Z,2016-08-11T20:05:24Z,6755.64,694,694,694
695,2007-06-04T08:54:38Z,2001-11-11T11:25:40Z,588.89,695,695,695
696,2003-09-26T16:21:12Z,2017-03-22T14:32:32Z,2991.76,696,696,696
697,2001-02-05T11:18:10Z,2001-03-24T07:35:25Z,1891.14,697,697,697
698,2005-11-15T17:11:42Z,2009-12-07T00:09:32Z,8086.92,698,698,698
699,2015-11-26T07:40:33Z,2009-08-24T06:05:50Z,5258.92,699,699,699
700,2005-02-25T01:31:25Z,2012-06-24T07:14:32Z,9071.22,700,700,700
701,2010-02-11T12:15:25Z,2014-01-22T01:10:56Z,8129.65,701,701,701
702,2005-12-17T00:37:27Z,2004-10-30T03:06:35Z,8668.85,702,702,702
703,2005-05-25T01:03:59Z,2015-04-02T00:54:23Z,5116.89,703,703,703
704,2016-01-08T09:01:20Z,2013-03-26T19:44:36Z,9301.48,704,704,704
705,2010-06-16T22:08:48Z,2013-09-15T15:47:51Z,9590.57,705,705,705
706,2002-04-28T20:47:06Z,2014-01-04T04:03:50Z,7691.30,706,706,706
707,2006-03-08T05:16:02Z,2017-03-04T19:39:04Z,6399.56,707,707,707
708,2017-03-19T09:29:18Z,2008-02-15T22:41:22Z,9499.42,708,708,708
709,2007-06-20T01:42:22Z,2015-03-02T21:18:02Z,3432.57,709,709,709
710,2005-08-01T23:02:46Z,2001-07-12T07:40:31Z,5214.72,710,710,710
711,2001-06-17T08:47:40Z,2002-07-18T03:46:07Z,1191.84,711,711,711
712,2016-06-06T01:58:39Z,2011-06-22T01:30:06Z,2948.68,712,712,712
713,2015-06-11T20:38:56Z,2000-08-04T06:16:15Z,8523.93,713,713,713
714,2011-02-08T02:00:42Z,2005-12-16T17:46:18Z,7915.41,714,714,714
715,2006-03-10T17:03:42Z,2013-11-03T19:21:25Z,8874.43,715,715,715
716,2011-07-31T17:48:09Z,2003-11-14T05:31:54Z,5300.92,716,716,716
717,2013-11-08T12:01:47Z,2004-09-08T08:39:09Z,4629.16,717,717,717
718,2008-07-14T20:40:56Z,2013-12-30T07:43:05Z,5394.58,718,718,718
719,2007-06-28T06:54:18Z,2013-12-14T11:44:11Z,8460.29,719,719,719
720,2008-08-10T21:15:26Z,2015-05-24T13:56:48Z,3862.06,720,720,720
721,2001-11-10T16:14:57Z,2007-02-24T21:17:00Z,6777.73,721,721,721
722,2015-12-01T21:06:02Z,2012-08-06T22:32:08Z,9757.86,722,722,722
723,2005-11-15T06:54:44Z,2013-06-15T13:15:27Z,6410.26,723,723,723
724,2012-11-30T15:14:41Z,2003-11-28T06:25:05Z,4739.62,724,724,724
725,2012-09-17T13:34:34Z,2015-01-11T21:50:32Z,5259.63,725,725,725
726,2016-07-02T20:41:51Z,2015-12-06T22:58:38Z,6431.60,726,726,726
727,2017-03-31T17:16:23Z,2008-08-12T16:10:10Z,3590.49,727,727,727
728,2014-02-01T03:16:17Z,2014-01-28T11:34:53Z,5051.10,728,728,728
729,2010-01-11T17:43:01Z,2009-10-30T08:59:01Z,1379.44,729,729,729
730,2016-08-06T06:09:20Z,2017-06-24T18:19:52Z,3108.94,730,730,730
731,2009-04-08T20:16:30Z,2014-06-28T12:30:54Z,184.39,731,731,731
732,2013-01-31T11:03:21Z,2003-05-02T08:08:24Z,7847.13,732,732,732
733,2014-07-27T07:37:29Z,2010-11-07T17:49:29Z,4011.10,733,733,733
734,2012-02-09T01:38:18Z,2003-09-01T04:26:55Z,4997.81,734,734,734
735,2006-03-21T20:07:43Z,2017-04-15T21:05:54Z,4020.94,735,735,735
736,2005-07-03T06:10:28Z,2017-03-17T15:45:52Z,9711.36,736,736,736
737,2013-06-30T12:54:26Z,2012-05-02T11:28:37Z,7996.79,737,737,737
738,2003-05-19T15:01:52Z,2005-07-28T21:23:42Z,2442.74,738,738,738
739,2004-04-09T18:46:37Z,2016-04-03T20:51:22Z,1464.02,739,739,739
740,2005-05-14T15:31:26Z,2000-10-21T11:06:40Z,5185.52,740,740,740
741,2005-01-23T08:42:14Z,2004-04-20T21:08:20Z,1048.91,741,741,741
742,2013-07-17T20:09:02Z,2003-01-12T10:17:20Z,4209.11,742,742,742
743,2011-12-16T07:38:55Z,2015-07-07T04:19:45Z,9586.37,743,743,743
744,2007-06-02T08:58:54Z,2015-07-30T17:49:42Z,5688.65,744,744,744
745,2006-04-01T14:18:53Z,2009-11-24T02:11:12Z,2185.15,745,745,745
746,2001-11-30T02:03:05Z,2009-03-30T00:49:43Z,9088.87,746,746,746
747,2001-03-26T06:54:01Z,2011-06-04T17:03:15Z,1835.55,747,747,747
748,2012-02-19T12:44:11Z,2000-09-03T20:49:47Z,2696.69,748,748,748
749,2016-07-11T04:12:18Z,2002-01-08T07:49:15Z,8769.95,749,749,749
750,2005-02-26T20:11:35Z,2004-11-29T02:38:02Z,1037.74,750,750,750
751,2014-10-22T13:22:55Z,2006-01-28T08:03:45Z,722.63,751,751,751
752,2010-05-04T01:27:50Z,2002-04-30T22:35:45Z,7411.64,752,752,752
753,2007-02-02T07:56:08Z,2015-08-09T01:39:59Z,2519.91,753,753,753
754,2001-04-21T04:56:58Z,2012-06-07T08:25:56Z,1869.80,754,754,754
755,2008-03-05T02:50:13Z,2008-05-24T11:16:41Z,1273.88,755,755,755
756,2001-04-25T05:38:20Z,2012-07-15T17:32:27Z,232.28,756,756,756
757,2016-12-28T00:52:44Z,2004-05-07T08:27:28Z,8661.44,757,757,757
758,2008-03-09T18:12:39Z,2005-09-12T00:24:09Z,495.96,758,758,758
759,2016-05-29T19:42:01Z,2006-02-09T10:43:37Z,5796.40,759,759,759
760,2004-12-02T22:42:44Z,2010-01-23T10:03:43Z,3445.88,760,760,760
761,2001-09-15T08:41:25Z,2002-09-16T02:46:10Z,352.31,761,761,761
762,2005-05-18T15:26:27Z,2009-04-23T00:32:49Z,8503.58,762,762,762
763,2006-04-16T04:29:35Z,2004-04-20T13:48:47Z,7900.03,763,763,763
764,2001-05-27T06:42:45Z,2005-11-17T14:46:41Z,6453.12,764,764,764
765,2007-04-06T02:57:55Z,2014-04-06T08:31:04Z,9286.84,765,765,765
766,2016-08-22T23:41:36Z,2006-08-15T23:46:22Z,2600.80,766,766,766
767,2010-12-29T03:43:16Z,2010-05-27T10:08:04Z,583.70,767,767,767
768,2013-01-28T04:41:24Z,2009-03-14T05:23:29Z,3327.15,768,768,768
769,2002-04-02T14:58:02Z,2006-04-12T16:20:56Z,3252.87,769,769,769
770,2001-03-21T04:19:52Z,2011-08-23T08:13:58Z,8945.11,770,770,770
771,2013-11-21T05:21:51Z,2006-01-10T14:36:42Z,4159.58,771,771,771
772,2017-06-17T08:37:03Z,2010-08-17T10:29:02Z,7479.43,772,772,772
773,2005-08-29T01:39:43Z,2008-03-07T21:21:45Z,7445.18,773,773,773
774,2004-10-19T15:04:45Z,2003-09-18T00:20:13Z,1733.21,774,774,774
775,2010-05-09T23:57:35Z,2011-02-15T05:05:47Z,6605.99,775,775,775
776,2002-01-29T04:20:08Z,2012-05-12T20:14:21Z,1153.00,776,776,776
777,2011-09-03T23:24:26Z,2005-03-25T02:29:59Z,9729.08,777,777,777
778,2007-02-03T20:58:04Z,2002-08-13T01:35:41Z,6567.40,778,778,778
779,2003-09-06T01:55:14Z,2007-09-22T14:16:00Z,9180.99,779,779,779
780,2010-10-31T19:40:33Z,2009-03-29T03:39:34Z,6176.47,780,780,780
781,2010-05-12T21:35:10Z,2011-12-04T18:44:33Z,1661.80,781,781,781
782,2006-04-22T19:50:51Z,2005-06-14T23:18:48Z,7441.88,782,782,782
783,2004-07-23T02:57:28Z,2009-03-01T01:16:23Z,1252.53,783,783,783
784,2004-03-30T11:55:33Z,2004-05-29T22:24:27Z,7691.37,784,784,784
785,2008-07-28T15:02:09Z,2001-01-14T22:51:16Z,536.57,785,785,785
786,2011-09-01T02:02:07Z,2009-10-11T05:50:57Z,4816.00,786,786,786
787,2016-08-17T09:12:47Z,2014-05-17T09:43:38Z,8642.71,787,787,787
788,2001-08-17T17:58:24Z,2003-06-06T22:49:48Z,4966.84,788,788,788
789,2008-10-16T04:16:56Z,2007-08-12T14:54:13Z,3862.82,789,789,789
790,2001-07-28T17:33:49Z,2005-06-08T17:40:43Z,3908.31,790,790,790
791,2012-09-16T16:33:25Z,2006-01-17T17:04:48Z,6745.74,791,791,791
792,2006-10-11T16:21:22Z,2004-06-10T21:15:59Z,116.46,792,792,792
793,2003-07-21T19:32:06Z,2001-12-03T13:15:23Z,9611.79,793,793,793
794,2011-07-10T16:44:06Z,2005-12-14T08:36:39Z,1914.83,794,794,794
795,2013-04-07T16:32:33Z,2002-08-13T13:29:33Z,4579.15,795,795,795
796,2009-01-26T15:47:41Z,2000-10-20T03:27:55Z,3585.80,796,796,796
797,2016-03-31T05:22:55Z,2005-07-13T09:20:55Z,9031.60,797,797,797
798,2012-03-31T06:12:32Z,2012-10-22T19:00:16Z,9515.80,798,798,798
799,2001-06-27T08:47:20Z,2013-04-12T20:18:00Z,5135.74,799,799,799
800,2004-04-30T11:57:51Z,2015-09-08T07:45:45Z,7947.89,800,800,800
801,2007-11-12T14:53:53Z,2014-12-24T05:11:34Z,6447.33,801,801,801
802,2016-05-31T06:48:10Z,2001-11-26T04:33:01Z,5627.65,802,802,802
803,2006-10-02T16:26:30Z,2006-11-26T00:04:10Z,8657.43,803,803,803
804,2011-09-29T01:39:30Z,2008-06-23T23:53:51Z,999.87,804,804,804
805,2014-02-14T07:56:15Z,2010-07-29T09:14:00Z,8568.61,805,805,805
806,2012-06-30T18:15:54Z,2002-11-28T22:37:28Z,5520.33,806,806,806
807,2004-02-27T06:51:39Z,2007-08-08T22:57:24Z,4423.94,807,807,807
808,2005-09-23T14:56:48Z,2010-02-02T15:59:50Z,9645.28,808,808,808
809,2008-03-29T11:23:13Z,2000-11-28T02:22:06Z,7802.84,809,809,809
810,2010-08-24T16:32:43Z,2009-11-07T05:14:30Z,8540.01,810,810,810
811,2000-11-28T16:59:26Z,2009-12-19T11:47:57Z,908.76,811,811,811
812,2000-08-02T09:27:27Z,2016-07-22T07:46:50Z,1535.72,812,812,812
813,2015-07-23T09:53:42Z,2013-04-12T03:53:22Z,366.50,813,813,813
814,2012-10-30T06:48:14Z,2003-08-21T00:10:40Z,1496.57,814,814,814
815,2014-03-13T01:29:34Z,2008-12-19T12:01:18Z,9020.33,815,815,815
816,2009-04-21T00:44:47Z,2015-12-09T14:58:42Z,305.22,816,816,816
817,2017-07-10T06:28:03Z,2016-12-26T23:20:29Z,9890.53,817,817,817
818,2011-07-18T14:13:01Z,2005-10-27T23:16:05Z,2000.83,818,818,818
819,2008-08-27T07:48:26Z,2000-08-12T04:02:46Z,5775.89,819,819,819
820,2008-02-04T12:19:24Z,2010-06-08T16:26:28Z,8949.67,820,820,820
821,2008-11-25T05:27:16Z,2010-03-11T23:45:55Z,5408.75,821,821,821
822,2007-10-02T17:45:21Z,2010-07-12T20:40:59Z,5574.44,822,822,822
823,2008-10-01T07:55:52Z,2017-03-12T11:05:55Z,1011.43,823,823,823
824,2016-01-25T05:23:11Z,2009-08-11T16:02:29Z,3495.97,824,824,824
825,2013-04-29T00:59:29Z,2000-11-20T06:59:34Z,8810.52,825,825,825
826,2000-08-13T02:26:59Z,2010-01-18T00:13:53Z,1213.89,826,826,826
827,2002-07-05T01:45:28Z,2005-08-06T04:21:52Z,6205.81,827,827,827
828,2008-10-06T22:49:58Z,2014-10-24T17:37:29Z,2835.52,828,828,828
829,2001-02-17T00:04:02Z,2002-07-30T21:58:13Z,2449.75,829,829,829
830,2008-07-16T07:32:53Z,2006-11-05T11:40:27Z,6336.30,830,830,830
831,2009-02-18T03:45:33Z,2008-02-14T12:56:39Z,2224.28,831,831,831
832,2008-06-17T23:49:36Z,2007-05-03T09:49:27Z,5455.89,832,832,832
833,2014-04-04T14:29:29Z,2011-04-28T07:06:42Z,6547.24,833,833,833
834,2014-12-24T08:36:36Z,2002-12-12T18:21:37Z,1387.29,834,834,834
835,2015-12-23T06:26:05Z,2013-01-26T20:21:04Z,7033.05,835,835,835
836,2006-01-16T21:48:35Z,2012-12-22T07:24:04Z,9323.79,836,836,836
837,2012-10-21T08:01:13Z,2011-08-14T16:21:08Z,5548.07,837,837,837
838,2014-02-08T18:33:08Z,2008-07-16T01:46:00Z,6763.63,838,838,838
839,2015-10-22T17:39:46Z,2016-07-30T18:34:16Z,3023.64,839,839,839
840,2002-08-03T12:46:11Z,2003-10-08T00:52:35Z,1383.39,840,840,840
841,2003-07-30T12:44:22Z,2013-02-13T00:59:37Z,244.26,841,841,841
842,2007-09-03T08:42:36Z,2001-09-11T12:54:33Z,7853.13,842,842,842
843,2002-09-14T02:03:50Z,2009-06-16T14:57:02Z,4397.56,843,843,843
844,2012-05-07T01:55:44Z,2010-03-26T15:03:55Z,7904.94,844,844,844
845,2010-09-20T12:16:03Z,2015-05-28T08:56:38Z,8084.72,845,845,845
846,2001-03-14T10:37:31Z,2003-03-08T23:17:57Z,2564.87,846,846,846
847,2011-11-17T09:17:55Z,2014-06-30T17:53:43Z,9610.53,847,847,847
848,2016-01-18T23:11:36Z,2001-08-10T10:54:41Z,4652.73,848,848,848
849,2008-01-03T16:28:46Z,2007-06-26T02:17:31Z,2986.18,849,849,849
850,2014-02-01T23:37:26Z,2010-07-09T07:35:34Z,6533.10,850,850,850
851,2004-11-17T13:13:46Z,2010-08-10T13:12:11Z,6091.25,851,851,851
852,2009-04-04T00:20:46Z,2014-10-04T13:42:58Z,3677.73,852,852,852
853,2011-10-15T07:41:18Z,2011-05-16T01:56:54Z,873.62,853,853,853
854,2014-01-22T02:10:36Z,2017-07-24T06:58:33Z,5128.85,854,854,854
855,2016-06-07T11:33:22Z,2015-11-19T06:54:40Z,4293.36,855,855,855
856,2012-12-26T03:33:29Z,2012-11-08T08:14:10Z,8284.87,856,856,856
857,2014-04-05T22:35:17Z,2003-08-27T10:17:12Z,7165.29,857,857,857
858,2009-07-29T08:02:04Z,2013-02-05T23:52:53Z,6522.34,858,858,858
859,2002-02-09T19:31:40Z,2012-11-30T15:17:07Z,2786.06,859,859,859
860,2010-12-23T13:06:01Z,2005-04-27T17:44:51Z,3144.28,860,860,860
861,2003-01-15T06:22:58Z,2005-06-02T08:26:58Z,4058.11,861,861,861
862,2002-02-21T17:50:58Z,2012-09-04T00:11:02Z,167.60,862,862,862
863,2016-01-01T20:24:37Z,2005-04-02T10:59:56Z,5382.59,863,863,863
864,2016-09-16T23:02:34Z,2010-08-29T11:35:12Z,1984.60,864,864,864
865,2012-06-14T12:44:55Z,2007-04-24T04:28:35Z,5388.29,865,865,865
866,2003-07-30T23:52:46Z,2016-03-15T04:16:55Z,4743.75,866,866,866
867,2005-03-13T04:05:28Z,2002-04-29T00:12:41Z,1521.46,867,867,867
868,2002-11-04T02:13:38Z,2011-05-09T04:10:34Z,2951.65,868,868,868
869,2004-06-18T00:48:17Z,2005-02-01T16:38:31Z,4178.52,869,869,869
870,2000-10-13T23:40:57Z,2003-12-12T12:15:39Z,4461.88,870,870,870
871,2008-02-09T19:24:02Z,2002-02-09T08:56:33Z,6278.77,871,871,871
872,2015-04-11T18:03:46Z,2000-11-15T03:05:08Z,1246.17,872,872,872
873,2004-07-03T11:20:28Z,2014-03-13T15:10:21Z,1654.85,873,873,873
874,2012-02-08T03:03:39Z,2013-08-08T04:09:44Z,6450.67,874,874,874
875,2011-08-25T10:14:55Z,2006-03-24T18:14:53Z,6894.54,875,875,875
876,2015-06-17T21:10:34Z,2009-02-09T14:15:44Z,3388.75,876,876,876
877,2008-10-29T06:13:14Z,2008-04-12T18:57:37Z,4351.26,877,877,877
878,2002-09-13T11:02:54Z,2008-09-30T23:25:04Z,8304.05,878,878,878
879,2014-05-03T10:25:35Z,2003-01-15T21:59:32Z,146.62,879,879,879
880,2011-05-03T02:10:52Z,2015-04-12T21:39:54Z,4103.09,880,880,880
881,2004-01-28T16:37:15Z,2011-06-21T21:54:44Z,989.99,881,881,881
882,2015-03-14T11:46:26Z,2009-04-04T12:07:12Z,355.03,882,882,882
883,2013-06-10T04:34:51Z,2016-04-29T18:37:48Z,5736.06,883,883,883
884,2005-09-15T15:29:47Z,2012-07-04T21:17:15Z,6092.20,884,884,884
885,2014-03-06T10:43:08Z,2014-06-09T14:36:50Z,1478.69,885,885,885
886,2012-12-28T03:25:35Z,2012-06-19T09:50:47Z,6182.62,886,886,886
887,2005-12-02T07:12:18Z,2012-01-19T04:43:53Z,8746.66,887,887,887
888,2013-09-26T15:37:41Z,2012-02-15T02:31:26Z,736.19,888,888,888
889,2007-10-17T04:47:00Z,2002-11-11T08:32:30Z,3925.09,889,889,889
890,2010-03-15T09:36:20Z,2004-08-09T06:58:48Z,739.60,890,890,890
891,2003-04-23T07:55:56Z,2006-02-25T19:33:04Z,504.33,891,891,891
892,2008-12-01T01:18:05Z,2015-08-13T21:43:42Z,6659.47,892,892,892
893,2003-01-08T15:02:14Z,2003-02-11T09:19:01Z,2195.32,893,893,893
894,2011-02-25T20:39:37Z,2014-03-23T10:16:32Z,6060.56,894,894,894
895,2013-02-20T18:51:38Z,2009-09-16T07:45:02Z,4584.06,895,895,895
896,2000-12-20T13:07:23Z,2012-07-19T00:12:52Z,9411.55,896,896,896
897,2017-06-20T14:38:38Z,2008-10-03T04:38:11Z,124.91,897,897,897
898,2017-02-24T18:00:22Z,2004-04-13T17:53:00Z,7859.31,898,898,898
899,2012-09-27T18:18:17Z,2003-07-06T15:46:59Z,1032.49,899,899,899
900,2009-01-01T21:49:52Z,2002-10-28T19:38:28Z,2446.93,900,900,900
901,2015-07-15T03:19:06Z,2003-10-24T04:25:07Z,3717.36,901,901,901
902,2008-03-06T09:35:00Z,2013-06-07T13:21:43Z,2648.15,902,902,902
903,2002-11-12T17:01:12Z,2004-12-13T04:22:50Z,1515.38,903,903,903
904,2007-05-10T18:53:08Z,2002-06-27T10:18:34Z,806.17,904,904,904
905,2012-11-28T08:25:56Z,2004-01-04T21:59:03Z,8036.67,905,905,905
906,2005-09-26T00:44:33Z,2012-11-10T12:19:42Z,8068.29,906,906,906
907,2008-04-04T23:35:57Z,2004-02-16T23:22:18Z,6481.34,907,907,907
908,2001-08-21T14:34:39Z,2016-01-08T23:52:16Z,9781.80,908,908,908
909,2014-10-08T14:51:41Z,2005-12-29T13:59:03Z,7120.57,909,909,909
910,2008-05-09T14:20:12Z,2017-05-21T20:51:04Z,3208.62,910,910,910
911,2011-09-25T20:05:46Z,2005-05-09T09:21:30Z,3999.71,911,911,911
912,2006-09-16T03:14:09Z,2016-01-31T17:49:25Z,2831.27,912,912,912
913,2007-07-15T09:17:11Z,2009-06-20T10:20:59Z,6136.94,913,913,913
914,2012-01-19T08:34:51Z,2015-06-05T08:59:30Z,3906.57,914,914,914
915,2013-03-21T15:03:05Z,2017-01-21T09:34:00Z,6725.27,915,915,915
916,2013-05-01T07:01:37Z,2009-12-18T10:54:29Z,4248.80,916,916,916
917,2008-03-18T02:24:06Z,2012-02-11T16:44:33Z,6671.96,917,917,917
918,2005-06-11T19:32:04Z,2002-10-05T17:19:51Z,7953.95,918,918,918
919,2008-10-04T09:14:09Z,2007-08-31T23:56:43Z,4440.87,919,919,919
920,2015-03-02T20:06:14Z,2011-01-30T13:04:50Z,5266.26,920,920,920
921,2006-12-23T17:32:33Z,2001-01-30T19:17:49Z,8768.29,921,921,921
922,2000-11-28T13:07:27Z,2005-07-18T13:04:17Z,3657.57,922,922,922
923,2015-02-04T23:23:58Z,2002-10-20T22:06:20Z,7200.29,923,923,923
924,2008-05-18T15:25:13Z,2000-12-19T09:57:33Z,5868.05,924,924,924
925,2010-08-01T02:32:20Z,2013-06-01T09:41:53Z,7120.36,925,925,925
926,2002-01-19T10:26:12Z,2011-06-16T03:04:11Z,2784.64,926,926,926
927,2011-01-15T17:57:37Z,2006-07-01T17:04:35Z,1916.22,927,927,927
928,2006-09-11T10:17:54Z,2010-09-11T19:48:48Z,6362.34,928,928,928
929,2017-06-30T18:08:10Z,2008-09-11T12:33:39Z,5352.10,929,929,929
930,2002-07-16T12:48:11Z,2014-08-23T04:02:16Z,5666.29,930,930,930
931,2000-08-26T20:41:46Z,2008-02-13T21:26:31Z,9142.38,931,931,931
932,2013-01-29T05:46:57Z,2013-10-21T22:09:47Z,587.99,932,932,932
933,2005-06-17T08:07:06Z,2002-07-19T17:31:06Z,5269.65,933,933,933
934,2005-03-14T10:25:18Z,2002-11-01T08:00:54Z,7399.26,934,934,934
935,2005-07-29T23:58:06Z,2002-07-09T08:24:21Z,2998.97,935,935,935
936,2015-01-26T05:32:46Z,2012-05-04T16:06:39Z,2385.42,936,936,936
937,2016-07-30T01:37:46Z,2014-08-17T01:13:09Z,7179.36,937,937,937
938,2012-01-18T00:47:02Z,2015-06-01T01:29:59Z,8640.06,938,938,938
939,2005-09-09T16:08:20Z,2015-07-23T17:14:48Z,8272.89,939,939,939
940,2003-01-18T03:07:39Z,2013-07-30T17:24:25Z,6302.36,940,940,940
941,2007-12-07T17:56:09Z,2009-06-17T05:57:21Z,8472.38,941,941,941
942,2007-09-07T14:45:00Z,2004-01-09T12:51:23Z,9050.99,942,942,942
943,2014-07-27T14:24:36Z,2007-01-09T21:32:34Z,4046.52,943,943,943
944,2002-02-14T19:53:34Z,2017-02-22T14:06:02Z,5153.83,944,944,944
945,2012-03-05T17:18:53Z,2016-09-01T02:37:43Z,2256.80,945,945,945
946,2007-06-06T16:31:36Z,2004-11-02T16:48:58Z,1691.28,946,946,946
947,2006-07-21T02:04:34Z,2002-01-28T07:14:06Z,8225.24,947,947,947
948,2012-12-13T13:31:53Z,2014-12-02T16:20:52Z,4668.75,948,948,948
949,2009-06-01T01:37:31Z,2005-09-04T08:58:06Z,4034.36,949,949,949
950,2003-09-22T16:54:06Z,2011-10-05T19:24:06Z,3292.20,950,950,950
951,2008-12-15T11:22:48Z,2012-05-22T14:27:41Z,9240.51,951,951,951
952,2006-06-10T17:46:37Z,2012-06-02T18:35:26Z,8391.81,952,952,952
953,2013-08-30T06:33:16Z,2016-08-09T11:50:06Z,6031.68,953,953,953
954,2015-04-26T04:58:00Z,2011-03-08T17:52:58Z,4964.75,954,954,954
955,2009-01-05T07:14:53Z,2006-01-21T15:26:31Z,1734.38,955,955,955
956,2002-03-21T23:09:12Z,2007-10-20T20:21:18Z,5065.32,956,956,956
957,2005-05-20T10:20:12Z,2017-04-08T14:40:21Z,7640.45,957,957,957
958,2010-06-27T21:50:59Z,2017-06-04T15:02:16Z,1902.56,958,958,958
959,2012-10-21T22:11:01Z,2008-07-17T19:56:58Z,5290.74,959,959,959
960,2011-05-08T22:19:34Z,2008-09-23T02:54:26Z,842.79,960,960,960
961,2008-07-18T23:19:57Z,2006-12-24T17:29:08Z,8797.18,961,961,961
962,2007-08-19T14:46:45Z,2005-04-26T05:24:59Z,332.24,962,962,962
963,2010-03-27T03:54:41Z,2002-01-05T11:00:11Z,1741.67,963,963,963
964,2007-05-22T22:10:01Z,2007-01-13T14:54:42Z,1387.45,964,964,964
965,2009-10-04T01:49:42Z,2012-04-29T07:18:01Z,8218.91,965,965,965
966,2010-09-06T05:21:02Z,2012-04-25T09:13:42Z,888.79,966,966,966
967,2003-02-08T23:33:25Z,2017-04-07T22:43:08Z,9777.88,967,967,967
968,2005-08-05T15:10:50Z,2011-07-10T22:21:04Z,8572.63,968,968,968
969,2008-04-30T07:31:40Z,2014-10-20T11:59:19Z,4903.43,969,969,969
970,2015-10-15T05:40:03Z,2008-09-11T09:18:04Z,3981.03,970,970,970
971,2012-03-23T16:14:06Z,2002-08-06T15:48:23Z,8081.44,971,971,971
972,2001-06-06T19:12:48Z,2013-12-14T12:08:15Z,3398.45,972,972,972
973,2014-09-28T23:58:57Z,2007-05-10T01:18:20Z,8800.55,973,973,973
974,2003-05-22T09:24:42Z,2008-04-01T05:37:37Z,5554.88,974,974,974
975,2006-01-01T22:33:51Z,2009-02-16T00:32:35Z,8495.26,975,975,975
976,2010-04-17T13:15:19Z,2010-03-31T19:43:28Z,6865.82,976,976,976
977,2013-11-15T18:45:52Z,2009-08-31T15:20:03Z,2630.60,977,977,977
978,2008-07-26T21:41:20Z,2001-06-18T23:48:22Z,4886.47,978,978,978
979,2003-04-03T10:47:46Z,2006-12-18T21:07:26Z,6380.27,979,979,979
980,2012-03-07T17:43:37Z,2014-05-31T21:32:44Z,2148.02,980,980,980
981,2008-01-15T15:54:38Z,2007-07-03T16:54:41Z,3837.35,981,981,981
982,2014-11-21T09:34:29Z,2011-09-28T01:16:38Z,9153.94,982,982,982
983,2005-11-18T15:01:50Z,2009-06-01T21:37:42Z,7220.09,983,983,983
984,2000-07-29T08:42:34Z,2008-03-14T18:27:27Z,6417.26,984,984,984
985,2005-11-03T18:09:20Z,2004-01-30T07:47:41Z,3665.67,985,985,985
986,2006-08-19T01:17:47Z,2006-01-16T04:49:42Z,1667.53,986,986,986
987,2005-11-25T15:56:58Z,2014-08-15T00:32:41Z,8443.19,987,987,987
988,2007-08-20T07:05:18Z,2004-11-26T16:05:05Z,3154.22,988,988,988
989,2008-11-10T06:05:10Z,2014-10-20T15:42:52Z,497.76,989,989,989
990,2010-01-08T09:50:23Z,2016-07-13T21:44:46Z,8664.09,990,990,990
991,2011-11-15T21:58:12Z,2008-01-23T20:52:00Z,7897.84,991,991,991
992,2007-09-10T00:57:51Z,2010-08-19T16:16:12Z,5938.58,992,992,992
993,2011-12-03T16:11:31Z,2004-03-02T22:03:39Z,731.68,993,993,993
994,2005-10-05T12:45:42Z,2002-09-12T02:08:25Z,3100.02,994,994,994
995,2017-05-19T16:54:56Z,2004-11-22T01:56:35Z,6419.13,995,995,995
996,2014-01-02T12:25:32Z,2013-06-28T06:20:16Z,6666.39,996,996,996
997,2009-02-14T13:08:10Z,2009-07-31T03:10:22Z,5135.52,997,997,997
998,2015-03-28T17:51:03Z,2010-07-24T01:13:28Z,5590.04,998,998,998
999,2010-05-04T03:07:55Z,2004-05-28T05:30:49Z,228.36,999,999,999
1000,2016-09-01T19:40:57Z,2013-01-14T15:01:51Z,8805.29,1000,1000,1000
