1,instagram.com,5025031,4164,Czech Republic,6992.30
2,google.ru,1780366,90350,Indonesia,5469.15
3,sun.com,3684096,17600,Japan,6467.29
4,t.co,2007109,11694,Ukraine,3930.81
5,house.gov,6044236,76473,Egypt,9715.62
6,stanford.edu,8691489,82692,Pakistan,440.36
7,list-manage.com,6958043,18239,Philippines,2869.28
8,independent.co.uk,7019777,73014,China,3403.55
9,seattletimes.com,6489751,43528,China,6810.17
10,biglobe.ne.jp,3942485,76485,Burkina Faso,213.87
11,php.net,6036235,5793,Brazil,7906.48
12,meetup.com,5042103,68425,Indonesia,5578.45
13,techcrunch.com,5941666,46436,Philippines,1540.14
14,census.gov,8266372,67274,China,2073.02
15,berkeley.edu,5428049,76536,Brazil,2002.67
16,loc.gov,6735117,18346,China,7845.25
17,networkadvertising.org,6218092,88666,China,9690.91
18,furl.net,4133508,74017,Greenland,1948.50
19,google.com.au,5903319,32850,China,1371.71
20,blogger.com,6273437,63956,China,8815.01
21,springer.com,1940506,79400,Sweden,9658.78
22,google.com.au,8968404,92182,Venezuela,4379.53
23,zimbio.com,7754946,23223,China,1224.91
24,php.net,1000063,69958,Poland,2352.24
25,jiathis.com,1876546,4717,Indonesia,5460.50
26,hhs.gov,1293215,21216,Nigeria,7486.37
27,amazon.co.uk,8956891,16225,Honduras,3659.06
28,oakley.com,2174494,69635,Canada,2974.58
29,oracle.com,4800173,94186,Vietnam,9466.51
30,e-recht24.de,8120653,22211,Azerbaijan,2158.04
31,xing.com,5517642,83039,United States,2590.02
32,storify.com,7328158,20712,China,2304.09
33,seesaa.net,2159834,39119,China,326.52
34,nsw.gov.au,2216303,21416,China,2140.07
35,over-blog.com,8115647,93030,Saint Pierre and Miquelon,7322.12
36,prnewswire.com,7939181,42132,China,7007.75
37,netlog.com,8557447,27047,Tunisia,8785.75
38,sbwire.com,2047579,84663,Portugal,86.03
39,alibaba.com,1976087,65001,Poland,9168.34
40,purevolume.com,8371720,4793,Indonesia,1849.01
41,angelfire.com,2082378,7648,France,3951.89
42,springer.com,8388204,86446,Spain,1931.22
43,ft.com,8868039,57242,Russia,4697.34
44,ocn.ne.jp,2963693,66501,China,214.73
45,sphinn.com,1557909,63812,Bulgaria,8225.28
46,marriott.com,2081756,9825,Serbia,7509.83
47,ask.com,5461345,56718,Indonesia,3818.96
48,w3.org,2152684,87678,Togo,9985.82
49,businesswire.com,9675308,90094,Peru,2601.15
50,cdc.gov,8147743,36281,China,1811.75
51,wix.com,1764159,18859,Czech Republic,8864.43
52,hibu.com,7468929,54851,Afghanistan,4895.01
53,netscape.com,7976788,70249,United States,9367.95
54,goodreads.com,3105835,85451,Russia,5277.03
55,clickbank.net,8959263,92527,Indonesia,1641.90
56,wix.com,3451536,60590,China,5795.81
57,yellowpages.com,7484746,10452,Portugal,9747.43
58,i2i.jp,5682435,77172,China,8739.02
59,howstuffworks.com,2630533,46626,Norway,5295.56
60,vimeo.com,6329570,27573,Spain,3615.03
61,sbwire.com,9198936,98519,Canada,6968.58
62,dailymail.co.uk,3737429,68428,Russia,2314.17
63,theguardian.com,4229172,70719,Zambia,2635.77
64,jugem.jp,8570339,2618,Colombia,921.67
65,ifeng.com,1424719,46328,China,4509.10
66,reference.com,7278216,30447,Albania,3057.55
67,time.com,8168162,17654,Poland,2822.81
68,hud.gov,7724710,86276,China,6234.02
69,symantec.com,6742868,97402,China,4239.43
70,wix.com,1723753,24229,United States,2163.25
71,irs.gov,7896218,38422,Russia,1916.41
72,china.com.cn,1873975,52339,Colombia,7164.14
73,ycombinator.com,9326612,61926,Canada,3474.60
74,feedburner.com,7483256,26368,Brazil,3911.72
75,nih.gov,8464535,48826,Mozambique,8606.52
76,biglobe.ne.jp,5543722,54455,Cuba,2176.34
77,mozilla.org,3793621,49373,Russia,4402.37
78,yale.edu,4201830,61726,Iran,3632.60
79,opera.com,8193004,3079,Russia,3230.78
80,mozilla.org,4498169,2542,Sweden,8826.77
81,goo.gl,2401763,42653,United States,3434.36
82,mail.ru,3095190,2362,Brazil,5007.66
83,macromedia.com,8219732,30054,Peru,6250.24
84,typepad.com,7693198,64045,Russia,123.31
85,prnewswire.com,8487148,37163,South Africa,7874.20
86,wufoo.com,6063918,70660,Colombia,6676.17
87,businessinsider.com,7482985,64269,France,9978.09
88,feedburner.com,2744169,65087,China,1975.05
89,myspace.com,1211543,4460,Lithuania,2239.64
90,house.gov,9604838,11497,Philippines,6309.60
91,ox.ac.uk,6451044,54655,New Zealand,7631.48
92,globo.com,8259397,92811,Luxembourg,2754.82
93,hc360.com,9467983,25905,Russia,1491.68
94,creativecommons.org,1504869,73818,Argentina,3150.24
95,theglobeandmail.com,5317687,22167,Croatia,2170.48
96,pen.io,6502322,63239,China,1524.16
97,arizona.edu,5212359,81130,Sweden,3317.46
98,tinypic.com,1025987,17184,Argentina,438.86
99,java.com,6278275,50823,Bosnia and Herzegovina,1964.37
100,usgs.gov,6906598,48506,Philippines,3177.19
101,mashable.com,6545336,95891,Czech Republic,1099.52
102,sohu.com,5642096,21428,Poland,4420.75
103,businesswire.com,1676659,17891,Chile,7463.08
104,skyrock.com,2630239,40186,Indonesia,4348.99
105,bizjournals.com,3868368,16280,Russia,3385.82
106,reddit.com,9319428,52877,South Africa,6356.37
107,un.org,4069006,12959,Estonia,6787.57
108,histats.com,7969187,66763,Canada,9601.28
109,sakura.ne.jp,8046146,1571,China,4499.35
110,technorati.com,7319333,42817,Democratic Republic of the Congo,7121.08
111,oaic.gov.au,8847521,43514,China,1299.36
112,fastcompany.com,5730401,21564,Sweden,5879.19
113,forbes.com,3088439,88795,Indonesia,4551.67
114,acquirethisname.com,3465549,83612,Canada,9655.17
115,ibm.com,9820127,38426,France,9713.81
116,chron.com,5786172,6292,China,6174.11
117,icq.com,9827114,5108,France,8235.91
118,alibaba.com,7850475,66340,Greece,1809.33
119,hp.com,8957997,66826,Ghana,4178.49
120,typepad.com,1003929,32994,Russia,4471.35
121,independent.co.uk,1958692,91128,Brazil,9066.56
122,about.me,2714994,30553,Indonesia,3711.31
123,thetimes.co.uk,1370310,99274,Indonesia,2831.29
124,seattletimes.com,1137415,46172,Indonesia,7529.11
125,netvibes.com,7949823,83846,Bosnia and Herzegovina,7640.35
126,boston.com,3954086,46875,Brazil,1947.21
127,miibeian.gov.cn,1037900,2653,Norway,9795.34
128,latimes.com,4550715,74822,Azerbaijan,6717.11
129,ihg.com,9753164,47991,Finland,1844.90
130,woothemes.com,8829961,92168,Nigeria,4853.19
131,whitehouse.gov,9933392,96909,Guatemala,5477.11
132,biblegateway.com,6275747,59805,Indonesia,9738.92
133,spiegel.de,1055947,7930,Equatorial Guinea,1382.20
134,apache.org,2533844,67368,Malawi,2869.92
135,engadget.com,1185786,44461,Indonesia,9376.31
136,usgs.gov,5763330,73146,Greece,8530.45
137,google.ca,9391723,21471,Madagascar,5769.95
138,cafepress.com,5067833,42393,Nigeria,4811.40
139,php.net,1186809,87809,Poland,3568.66
140,dot.gov,8023963,9544,United States,1753.91
141,flavors.me,5371965,77777,Belarus,613.73
142,ucoz.ru,6630297,68353,Venezuela,6275.42
143,wikimedia.org,2833351,62470,Colombia,7179.06
144,newyorker.com,9618606,85293,Portugal,8476.57
145,oakley.com,5405842,45374,Russia,9461.53
146,cbc.ca,4740600,92486,Indonesia,3074.22
147,woothemes.com,3782069,66104,Peru,4492.64
148,csmonitor.com,1889698,34562,Indonesia,58.38
149,twitpic.com,4036948,2215,Ecuador,5531.76
150,shinystat.com,3549499,41418,Argentina,4079.39
151,google.it,6035053,99261,Norway,2028.61
152,globo.com,2712546,18829,Guatemala,6693.46
153,wufoo.com,2055153,33889,Denmark,2980.58
154,ox.ac.uk,2691329,67182,Argentina,701.66
155,pbs.org,8931435,92718,Indonesia,8807.78
156,symantec.com,9551568,77747,Malaysia,1785.15
157,weather.com,8805710,80065,Samoa,4031.58
158,springer.com,1643827,19033,Croatia,3127.97
159,guardian.co.uk,8788422,21162,China,4903.62
160,gizmodo.com,5655346,40123,Nigeria,1865.82
161,pinterest.com,1488916,90818,Indonesia,7487.81
162,google.com.br,8074929,50628,Belarus,2774.49
163,google.com.au,5208645,63566,France,3085.38
164,oaic.gov.au,6634323,95183,Brazil,4465.65
165,prlog.org,9827997,71965,Indonesia,8937.13
166,bing.com,2186453,16744,Russia,8242.36
167,tinypic.com,5078095,26938,East Timor,2265.05
168,1688.com,2642306,73065,Ukraine,485.96
169,about.me,9773314,19370,Germany,7977.67
170,creativecommons.org,5702036,9353,France,2680.41
171,biblegateway.com,7401300,30669,Georgia,4521.57
172,g.co,4563092,11124,Tanzania,931.75
173,wsj.com,4368591,99462,China,5009.85
174,foxnews.com,1769563,91203,Vietnam,6147.30
175,tiny.cc,2286148,63858,Indonesia,2109.91
176,pcworld.com,4438013,11006,Kuwait,6685.41
177,pagesperso-orange.fr,2464698,44788,Thailand,8372.70
178,fc2.com,4630893,74163,China,2679.33
179,slashdot.org,5747921,85319,Yemen,4472.48
180,intel.com,6678875,7805,China,8030.62
181,geocities.com,2300605,41812,Uzbekistan,9598.06
182,weather.com,7348695,95416,Philippines,9254.26
183,reference.com,3406097,90990,China,9380.28
184,uiuc.edu,1362347,87755,Portugal,7142.94
185,imgur.com,6227261,51046,Colombia,9490.07
186,businessweek.com,5892703,98039,United States,1237.66
187,soundcloud.com,8399319,55276,Indonesia,8034.51
188,google.es,7669254,49139,Colombia,5416.67
189,bloglines.com,8113215,41621,Argentina,594.72
190,last.fm,3538547,3264,Guatemala,1658.95
191,newyorker.com,9753424,36633,Germany,6050.06
192,nytimes.com,5369668,98543,Poland,2056.31
193,digg.com,5358407,32349,Armenia,2128.62
194,yellowbook.com,8671441,24123,Russia,1247.08
195,aboutads.info,5063043,64551,Poland,6749.96
196,aol.com,8904829,59221,Croatia,7764.28
197,ebay.co.uk,3346052,12244,Greece,2892.13
198,boston.com,4668045,91311,Philippines,8474.79
199,vkontakte.ru,6749330,73340,Madagascar,3102.60
200,house.gov,4904331,97226,China,133.53
201,deviantart.com,5168244,80075,Pakistan,3629.07
202,usda.gov,4551830,26942,Sweden,7795.37
203,answers.com,5662331,85942,Indonesia,7187.11
204,psu.edu,1578906,34539,Ghana,4008.63
205,microsoft.com,3625105,80305,Serbia,8187.07
206,cargocollective.com,6346630,36580,Philippines,5535.90
207,prweb.com,6615619,16407,Iran,8701.89
208,example.com,3819409,78214,Morocco,2426.99
209,webs.com,2831642,87775,Russia,4244.68
210,e-recht24.de,6921014,68499,Russia,7362.93
211,baidu.com,3189026,44861,Albania,3381.42
212,miitbeian.gov.cn,7561008,48744,Egypt,3502.12
213,usatoday.com,8872673,29192,Philippines,4583.56
214,goo.ne.jp,3965598,41839,Morocco,963.52
215,histats.com,5337308,34724,Philippines,5916.56
216,github.com,5969834,59134,Poland,7035.08
217,php.net,8348969,71614,Nigeria,3916.24
218,businesswire.com,4286541,40874,China,9430.61
219,yandex.ru,8866547,60649,Indonesia,6009.73
220,nymag.com,3776781,42227,China,9603.82
221,trellian.com,9656681,83522,Israel,5418.28
222,flickr.com,7135330,25572,Argentina,1820.12
223,nature.com,2329044,59252,China,4718.36
224,csmonitor.com,2939760,99308,China,7572.55
225,earthlink.net,8049620,58624,France,6156.25
226,meetup.com,7777756,7773,Czech Republic,385.64
227,apache.org,3597760,70588,Japan,3845.27
228,macromedia.com,6547384,97766,Finland,9384.02
229,diigo.com,3687881,79839,Indonesia,5107.90
230,prnewswire.com,7805826,1341,Colombia,2387.84
231,time.com,1011022,16052,South Korea,4594.77
232,scientificamerican.com,7786346,4814,Indonesia,4342.17
233,eepurl.com,2810719,4388,China,607.06
234,a8.net,7703697,92225,Albania,807.54
235,goo.gl,3510703,98456,Greece,8375.79
236,com.com,6911123,13024,Sri Lanka,9222.93
237,nature.com,2853321,16179,Brazil,5309.99
238,businesswire.com,8641138,70043,Kazakhstan,8380.12
239,smugmug.com,2501976,51733,Myanmar,8466.22
240,squidoo.com,8207442,54477,Mali,6546.92
241,craigslist.org,9717072,2149,Latvia,6410.12
242,bigcartel.com,5987108,45851,Brazil,4238.95
243,linkedin.com,5924219,51679,Sweden,7496.28
244,mit.edu,6150234,30432,Ukraine,17.06
245,cpanel.net,6565371,81720,Portugal,8986.09
246,theglobeandmail.com,8614974,29768,Japan,6551.09
247,google.de,7542370,77463,Philippines,8847.50
248,facebook.com,9725042,19166,Chile,7125.86
249,shutterfly.com,6039562,4292,China,4173.50
250,marriott.com,6118443,48336,Colombia,9892.98
251,hhs.gov,3467609,88265,China,7481.58
252,elpais.com,2976030,99936,United States,5101.81
253,stanford.edu,6267099,68782,Nigeria,8609.46
254,exblog.jp,3977377,38515,South Africa,5245.20
255,jigsy.com,5281224,21252,Portugal,9814.44
256,nba.com,9480756,23589,Russia,1192.00
257,pbs.org,9875913,84078,China,4609.26
258,marketwatch.com,7279538,69515,Philippines,2435.64
259,woothemes.com,7098323,92204,Philippines,9025.01
260,google.ru,9126462,97392,Ukraine,3935.28
261,ted.com,9791908,79375,Poland,3966.30
262,princeton.edu,6793249,69663,Indonesia,797.63
263,microsoft.com,1659863,80596,Canada,7422.50
264,eepurl.com,6073059,11027,Guatemala,623.54
265,nih.gov,6833289,78437,Croatia,5288.16
266,telegraph.co.uk,3771257,80901,China,1128.25
267,freewebs.com,5650711,43953,China,3756.57
268,sbwire.com,3762860,64397,Philippines,8656.44
269,shinystat.com,1256293,53858,Albania,1820.56
270,about.com,3938302,79893,Japan,9746.37
271,mozilla.org,7694533,68777,Philippines,7988.27
272,noaa.gov,9918292,51053,China,862.55
273,yellowbook.com,2971661,44493,Indonesia,1888.84
274,apple.com,6809669,52978,Belarus,1558.17
275,skype.com,2811926,23290,Indonesia,5566.99
276,purevolume.com,8303775,29239,United States,2637.87
277,army.mil,4129991,72535,China,2044.57
278,unicef.org,1453253,47725,Philippines,1416.49
279,facebook.com,3552608,10106,Indonesia,126.51
280,xinhuanet.com,3437912,78420,Spain,8540.53
281,comsenz.com,8367213,27190,China,9977.53
282,usda.gov,6661741,29311,Czech Republic,4471.76
283,youku.com,8954491,78683,China,5155.02
284,smh.com.au,2264392,69283,Saudi Arabia,2537.88
285,umn.edu,1495878,96808,Poland,7071.21
286,cloudflare.com,8494461,62447,China,7727.63
287,opera.com,1383909,41325,Philippines,6040.25
288,taobao.com,7329638,58011,Indonesia,1010.46
289,icio.us,5258482,56518,Nigeria,9840.24
290,imdb.com,1780044,41836,Indonesia,9941.54
291,purevolume.com,6017154,45803,Ukraine,3827.89
292,hp.com,8970219,75436,China,8337.76
293,wordpress.org,5175923,46082,China,8016.69
294,t-online.de,7715273,26566,Indonesia,3517.95
295,gov.uk,7654742,17580,Colombia,8985.61
296,mozilla.com,7501721,16626,Japan,7039.60
297,ustream.tv,4467569,3686,Chile,4921.12
298,baidu.com,7001209,14609,Thailand,2565.46
299,eepurl.com,3497931,24116,China,8693.88
300,prlog.org,2467861,55573,Honduras,9395.32
301,myspace.com,7514195,54288,Brazil,1774.55
302,indiegogo.com,7705693,31491,Mexico,9320.72
303,msn.com,6206568,77822,Indonesia,7934.03
304,mashable.com,4172917,24982,Portugal,8683.56
305,wikia.com,3992753,58395,China,82.87
306,etsy.com,4478562,30461,Czech Republic,4993.27
307,goo.ne.jp,2121667,40913,Brazil,5506.79
308,jugem.jp,2625042,61473,Israel,3981.83
309,hc360.com,1430688,73142,Sweden,1433.97
310,odnoklassniki.ru,9821702,47276,Malaysia,7811.42
311,archive.org,4651075,39224,China,7778.57
312,auda.org.au,4387949,68199,China,4845.99
313,ow.ly,4103655,36091,China,2425.95
314,ustream.tv,5421310,63212,Kuwait,4016.57
315,alibaba.com,2023729,69458,Norway,7157.74
316,ask.com,4145055,16640,Pakistan,9096.30
317,thetimes.co.uk,9016917,93341,Argentina,5213.91
318,friendfeed.com,8084136,69305,China,4514.24
319,comcast.net,2817996,50330,Guatemala,4809.29
320,epa.gov,4729348,12621,Argentina,8900.02
321,un.org,8274350,56237,Poland,2058.53
322,youku.com,1746544,97332,Kazakhstan,5969.37
323,economist.com,9548911,54734,China,9350.89
324,army.mil,8668704,64142,Georgia,8656.01
325,dyndns.org,5086569,4226,Indonesia,2432.77
326,clickbank.net,2088199,87419,Peru,8360.88
327,webmd.com,9953070,81435,Poland,666.49
328,addtoany.com,2664979,94804,Philippines,2703.63
329,smugmug.com,4316798,45736,Brazil,2167.55
330,timesonline.co.uk,1187384,9016,Iran,287.80
331,usnews.com,5321737,88663,South Africa,9928.02
332,go.com,3635164,37173,Uzbekistan,43.71
333,smh.com.au,4310527,94389,Brazil,91.44
334,soup.io,9062234,74421,France,3240.96
335,live.com,5737441,75821,United States,9772.33
336,bloglines.com,6690988,34518,Brazil,8744.95
337,opera.com,8143673,51249,Philippines,3086.87
338,engadget.com,5742210,45566,China,2408.10
339,w3.org,4289737,7205,Liberia,6002.13
340,europa.eu,6987601,55901,Greece,2570.87
341,symantec.com,2327485,56516,China,1669.19
342,myspace.com,6308675,28441,Indonesia,8190.99
343,google.com.br,6633021,27289,Russia,6300.22
344,desdev.cn,2570387,70924,Portugal,682.42
345,noaa.gov,5111289,37933,Costa Rica,3678.86
346,woothemes.com,2345236,34443,China,8281.12
347,aol.com,8395161,15865,Portugal,7631.93
348,ucla.edu,9557351,65123,Russia,1415.73
349,netvibes.com,7227238,9175,France,7507.21
350,vinaora.com,9639599,53220,Brazil,3550.67
351,163.com,6753517,81068,Panama,6618.40
352,linkedin.com,2278533,46579,Indonesia,1538.50
353,csmonitor.com,9828144,89296,Russia,8102.95
354,sciencedirect.com,3749425,26103,Spain,5930.01
355,slashdot.org,9942625,97623,China,7894.78
356,about.me,1698077,39080,Indonesia,2059.85
357,bing.com,8268663,8957,Russia,5879.73
358,vimeo.com,1539905,16383,Indonesia,6825.94
359,feedburner.com,2395312,39604,Burkina Faso,7926.48
360,w3.org,5808903,71574,China,2823.93
361,mayoclinic.com,3979056,59075,China,2698.65
362,live.com,4480180,69993,Indonesia,1749.35
363,is.gd,7036596,75185,Cameroon,8871.09
364,tripadvisor.com,8257707,90479,Indonesia,2839.76
365,scientificamerican.com,8888566,57450,Yemen,8583.92
366,hibu.com,2535658,60523,Czech Republic,1394.13
367,goo.gl,6919237,33061,Philippines,3768.90
368,msu.edu,9012311,77321,China,7276.03
369,blogtalkradio.com,9116671,78188,Thailand,9000.62
370,cafepress.com,6531459,27103,France,5366.58
371,dell.com,9232233,60658,Brazil,6537.74
372,biglobe.ne.jp,6637592,39175,Russia,6334.48
373,apache.org,3371678,46936,Russia,1221.90
374,google.ca,7187348,44777,Cuba,1654.74
375,blog.com,3989686,79253,Bangladesh,5455.97
376,chron.com,4907020,79422,France,4177.08
377,goodreads.com,7032777,12628,Thailand,6437.35
378,vimeo.com,4950075,30469,Czech Republic,315.27
379,sbwire.com,3722402,4712,Indonesia,2210.48
380,linkedin.com,5421649,12686,China,1264.63
381,discuz.net,5929014,43007,China,6067.04
382,jimdo.com,1295016,51682,Philippines,5440.31
383,ed.gov,4958189,68433,Canada,5338.40
384,dot.gov,4955303,71213,Finland,7919.02
385,infoseek.co.jp,3730432,83644,Indonesia,7867.98
386,privacy.gov.au,5306305,70248,Vietnam,3990.25
387,tripadvisor.com,1029220,40951,Pakistan,3497.23
388,chicagotribune.com,2628938,59567,China,326.20
389,columbia.edu,7935246,3778,China,1524.03
390,bbc.co.uk,1640184,30713,China,9099.96
391,canalblog.com,4066895,88565,Mexico,8529.02
392,aboutads.info,9947018,50376,Japan,9463.99
393,walmart.com,5999431,29481,Armenia,1279.88
394,hc360.com,6492386,12403,Thailand,6703.36
395,nasa.gov,5925567,50837,United States,8061.36
396,cmu.edu,5447464,78586,Yemen,7516.83
397,samsung.com,3317649,98185,Sweden,6635.63
398,msn.com,4362100,283,Brazil,7867.45
399,sphinn.com,9834303,29213,China,6890.71
400,godaddy.com,7362047,40468,Chile,5894.51
401,bloglines.com,6499970,9828,Portugal,236.75
402,last.fm,5550341,53452,Finland,2611.55
403,clickbank.net,2387021,90104,China,2672.49
404,mapquest.com,1559570,1927,China,8721.79
405,webnode.com,1170518,87177,Bangladesh,5759.16
406,aol.com,1346675,90746,China,3835.77
407,sfgate.com,1893288,97888,Canada,6413.34
408,oracle.com,1584750,68130,Czech Republic,3414.04
409,hexun.com,2454299,97366,China,5879.39
410,google.com.br,4207836,4167,Malaysia,3024.06
411,myspace.com,5180429,42108,Philippines,4872.24
412,webs.com,8240358,79641,Philippines,5656.25
413,wordpress.com,8005956,47575,Iran,8400.11
414,mapy.cz,3042110,36838,Russia,390.64
415,cpanel.net,8523571,92076,China,2163.40
416,deviantart.com,7343719,64918,Philippines,6490.08
417,omniture.com,1776359,28106,Macedonia,7748.39
418,dropbox.com,1928553,23547,China,7528.76
419,quantcast.com,3314280,38001,China,7910.39
420,va.gov,4625595,72154,Venezuela,8130.12
421,gmpg.org,6335071,91659,South Africa,1558.71
422,telegraph.co.uk,3225360,29795,Cameroon,8234.65
423,senate.gov,7094688,86421,Philippines,7783.88
424,mapy.cz,6149580,55328,United States,5246.26
425,wikispaces.com,5439325,51201,Russia,5078.59
426,domainmarket.com,4531203,1103,Philippines,5145.25
427,rakuten.co.jp,5819165,15427,Thailand,7074.31
428,artisteer.com,2643274,38299,Russia,5656.69
429,merriam-webster.com,5009456,47394,Thailand,3964.47
430,booking.com,1103358,6511,Sweden,3461.15
431,prnewswire.com,2451818,56143,Estonia,9016.69
432,independent.co.uk,8942960,16706,Vietnam,5833.05
433,nationalgeographic.com,8882878,78072,United States,8993.96
434,ft.com,2290714,89751,China,7330.35
435,cloudflare.com,3117331,89822,Czech Republic,7459.43
436,rediff.com,9112645,36722,Brazil,4102.81
437,indiegogo.com,1475384,81579,China,7380.33
438,biblegateway.com,4074508,68125,China,4866.67
439,businessinsider.com,9201080,30268,China,3792.66
440,geocities.jp,2058012,72169,Philippines,1785.48
441,theglobeandmail.com,3772188,74324,Sweden,3798.13
442,nasa.gov,4314119,81696,China,5225.63
443,jiathis.com,3626931,99891,Indonesia,1889.39
444,elpais.com,3658026,65665,Venezuela,8747.76
445,artisteer.com,1185607,14834,China,139.79
446,biglobe.ne.jp,9373572,70785,Georgia,875.26
447,foxnews.com,1705060,34113,China,1261.89
448,ted.com,2494567,6987,Belarus,5553.19
449,google.de,1699239,29211,France,7196.06
450,i2i.jp,6693731,81530,Bulgaria,6973.06
451,ebay.com,3563891,99793,China,9475.04
452,alexa.com,3820004,9922,Indonesia,9399.13
453,theguardian.com,9575751,64011,Philippines,6602.57
454,squarespace.com,3122773,811,Brazil,6484.44
455,upenn.edu,6491164,63435,Argentina,2189.88
456,typepad.com,3709816,52181,Palestinian Territory,3241.82
457,pen.io,5763435,82788,Indonesia,8655.79
458,usatoday.com,1785996,15663,Czech Republic,8543.19
459,cpanel.net,8106124,93949,Micronesia,3876.63
460,usa.gov,5853741,65672,Philippines,8071.10
461,ocn.ne.jp,3583334,99385,Greece,1606.54
462,dropbox.com,4415761,15952,Japan,2379.89
463,free.fr,5355778,75950,Ukraine,4529.36
464,twitpic.com,7977063,56691,Japan,8046.34
465,sohu.com,4514415,27942,Croatia,2847.98
466,google.cn,3782023,14020,Czech Republic,7102.42
467,opera.com,1143357,88757,Indonesia,3866.93
468,google.co.jp,3941416,52671,Switzerland,4635.08
469,devhub.com,9870720,66089,China,6072.15
470,ebay.co.uk,8589681,19908,Belarus,962.82
471,time.com,2415185,35302,China,7848.96
472,mail.ru,1587641,32627,Guatemala,9887.75
473,cyberchimps.com,6627841,19572,China,9379.77
474,engadget.com,5851553,52249,Netherlands,4148.79
475,examiner.com,9669690,6565,China,2338.23
476,desdev.cn,1349854,44741,Colombia,929.76
477,slashdot.org,5046671,44497,Ukraine,1329.97
478,mtv.com,4911511,85458,Philippines,1097.54
479,go.com,6729899,99118,Argentina,5002.93
480,amazon.com,8182512,16139,China,1883.66
481,pcworld.com,9409943,1068,El Salvador,9758.11
482,nature.com,4135673,43776,Czech Republic,2628.45
483,usda.gov,3342968,47138,Sweden,7576.32
484,ebay.co.uk,5798625,44259,Spain,911.16
485,google.pl,2213675,21016,Colombia,9634.53
486,bandcamp.com,2903047,45650,Poland,8416.70
487,wordpress.com,7176555,78102,China,1825.89
488,slideshare.net,5821951,53880,Honduras,6401.35
489,bigcartel.com,4255781,34791,Russia,1222.26
490,timesonline.co.uk,4120894,31375,China,4405.37
491,facebook.com,5161681,49804,Hungary,5648.64
492,gnu.org,7158786,90239,Sweden,8569.56
493,goo.ne.jp,5026173,97061,China,6029.78
494,jugem.jp,1339353,98635,Indonesia,2360.61
495,jimdo.com,1641026,78369,Portugal,437.41
496,msu.edu,8673585,29703,Bulgaria,9274.50
497,reddit.com,5764728,23518,Brazil,5572.13
498,ustream.tv,6632305,36127,China,1614.27
499,google.com.br,4480734,95553,Poland,2975.07
500,goo.ne.jp,1631454,83514,China,2544.38
501,joomla.org,8880470,40701,Ukraine,9075.77
502,scientificamerican.com,4321715,25555,Finland,6463.92
503,acquirethisname.com,4722378,85172,France,8494.73
504,imgur.com,1743413,26724,Brazil,2758.91
505,networksolutions.com,7906843,84480,Netherlands,5058.99
506,japanpost.jp,1734738,53948,Poland,1128.91
507,imdb.com,7807670,83143,Indonesia,2179.55
508,surveymonkey.com,8897874,63422,Brazil,6551.19
509,mit.edu,2195313,30327,Portugal,8823.62
510,usnews.com,5270914,85411,Philippines,1777.65
511,mail.ru,3551821,39862,Indonesia,2356.79
512,msu.edu,1202671,15052,Poland,2320.73
513,cornell.edu,4818732,20470,South Korea,9094.39
514,delicious.com,7191282,66945,Egypt,7908.62
515,cisco.com,1542590,14890,Philippines,1232.02
516,google.fr,4118968,49598,Poland,7282.07
517,yahoo.co.jp,2751159,37214,Indonesia,7997.95
518,cyberchimps.com,5023924,59953,Russia,9840.19
519,slideshare.net,6904310,98671,Armenia,3650.08
520,cbslocal.com,4032065,56458,Brazil,8241.12
521,foxnews.com,5617418,57021,Philippines,6269.01
522,woothemes.com,1156732,32580,Sweden,453.64
523,jimdo.com,8757972,58963,France,9940.42
524,goo.ne.jp,1513734,78427,Poland,3546.37
525,amazon.co.jp,2697644,71318,China,7284.39
526,intel.com,9307475,49959,Russia,3092.57
527,wikimedia.org,6280296,78952,China,1864.31
528,umn.edu,9255247,34408,Guinea,3141.44
529,netlog.com,1265674,1876,China,1923.00
530,tumblr.com,3869493,13424,Russia,6780.70
531,altervista.org,3430217,8874,France,557.61
532,cbc.ca,7416934,30755,Indonesia,5549.87
533,xinhuanet.com,3301672,43183,Iran,8523.11
534,vinaora.com,9077867,20702,Canada,9711.93
535,weibo.com,3721448,8952,Malaysia,1447.06
536,com.com,9499053,13798,South Korea,3232.54
537,salon.com,6197133,89663,Japan,4295.03
538,quantcast.com,9379743,5275,Indonesia,8040.23
539,wikipedia.org,9481172,81918,Albania,9503.48
540,wordpress.com,1491075,87636,Bolivia,1353.69
541,fc2.com,5260724,46799,Russia,3467.12
542,mtv.com,4952348,49628,Czech Republic,5347.29
543,drupal.org,4588215,80746,Russia,3923.45
544,goo.gl,9580651,42618,Russia,8690.96
545,wp.com,8208551,1042,China,864.64
546,zimbio.com,5430927,83615,Japan,9372.44
547,mit.edu,1945484,16441,Georgia,8411.44
548,zimbio.com,9221842,63705,Serbia,3332.02
549,tinypic.com,3780619,87209,Peru,4378.90
550,cloudflare.com,5037630,800,Indonesia,5711.24
551,vimeo.com,1925220,25705,Russia,6286.33
552,plala.or.jp,1097682,76851,United States,9236.79
553,comsenz.com,1413334,4357,China,913.17
554,wired.com,1643253,82186,Mexico,8384.58
555,elegantthemes.com,9162263,72706,Palestinian Territory,1073.93
556,addtoany.com,6151787,85420,Nicaragua,4250.74
557,wikia.com,6913394,84646,Macedonia,4752.16
558,chronoengine.com,9245914,83993,Russia,7885.67
559,ed.gov,6261748,97862,China,7641.42
560,oracle.com,1207084,55252,Portugal,8046.81
561,china.com.cn,6386542,13168,Indonesia,2666.19
562,dedecms.com,8455745,66803,China,7585.72
563,squarespace.com,9608767,62730,Peru,5841.11
564,networkadvertising.org,7662055,56244,China,4541.21
565,de.vu,7521390,12407,Canada,6856.51
566,buzzfeed.com,5654494,80587,Paraguay,2693.89
567,cbsnews.com,9410541,16161,Indonesia,9761.42
568,webnode.com,5331738,86615,Indonesia,6946.25
569,soundcloud.com,8390987,13728,China,1030.20
570,columbia.edu,2797460,52700,Netherlands,7802.76
571,bbc.co.uk,9256727,94663,China,8364.42
572,canalblog.com,6812251,78645,Colombia,575.97
573,twitpic.com,8996938,60516,Uganda,8300.20
574,businesswire.com,7206859,4329,Portugal,2789.35
575,aboutads.info,8391047,31634,United States,8910.89
576,japanpost.jp,4839057,31478,Sweden,2790.85
577,ustream.tv,6306056,15317,South Korea,3604.50
578,surveymonkey.com,4867747,62997,Indonesia,660.68
579,4shared.com,9751447,65981,Ukraine,335.78
580,toplist.cz,6806024,12607,Netherlands,3600.30
581,yale.edu,1945530,44079,Vanuatu,7201.12
582,kickstarter.com,2212594,39693,Brazil,3754.15
583,wired.com,9450830,41135,China,6168.79
584,cnn.com,6498184,3191,South Korea,2691.43
585,weibo.com,7668977,71831,Russia,494.95
586,bigcartel.com,3158061,94442,Cameroon,519.40
587,scribd.com,6774987,13785,Indonesia,4077.34
588,hatena.ne.jp,3817443,30915,China,4609.81
589,arizona.edu,3882637,35175,Nigeria,173.61
590,pagesperso-orange.fr,1637364,70689,China,5479.29
591,barnesandnoble.com,9631677,6847,Indonesia,8910.43
592,ucla.edu,7957189,77330,China,4645.80
593,squarespace.com,6344901,10632,Philippines,9303.19
594,alexa.com,7851448,57087,Bulgaria,2797.26
595,engadget.com,8469514,75798,Cameroon,2880.52
596,wikipedia.org,1350955,96156,Russia,5736.53
597,alibaba.com,2461724,4805,Japan,2604.10
598,state.gov,9362340,4125,Russia,3521.75
599,webeden.co.uk,3265880,82215,Peru,433.94
600,vinaora.com,3565218,94547,China,3186.84
601,google.com,7383513,16639,Nigeria,4280.28
602,earthlink.net,9955977,5229,Philippines,1384.54
603,wikimedia.org,4966038,64447,France,3007.77
604,businesswire.com,8371001,78222,Germany,6705.02
605,latimes.com,8498455,65192,United States,3816.33
606,businesswire.com,3874613,45998,Greece,3571.32
607,google.com.br,1824520,75996,Spain,7755.23
608,yandex.ru,3770291,75858,China,6967.18
609,princeton.edu,9128797,42219,Belarus,7611.38
610,drupal.org,9729263,54382,Argentina,6995.81
611,marketwatch.com,5903996,85566,Guinea,771.17
612,imgur.com,5161266,69041,United States,3520.30
613,dot.gov,6371872,50693,Norway,1332.38
614,hostgator.com,5686283,70043,China,758.96
615,businessinsider.com,7266750,36381,China,7675.84
616,jimdo.com,6919060,42029,China,1408.01
617,creativecommons.org,8791982,62492,China,2058.85
618,g.co,1454104,76390,Russia,8810.98
619,sfgate.com,9265846,20032,Mexico,3144.22
620,samsung.com,2301606,67594,Philippines,7110.43
621,google.es,5537241,33081,Greece,518.87
622,ucsd.edu,9643997,14923,China,1534.50
623,kickstarter.com,8197608,7276,Philippines,8939.23
624,wunderground.com,1874797,58440,Venezuela,8618.82
625,nyu.edu,6329087,51599,Netherlands,2184.61
626,cbc.ca,2200381,99396,Sweden,3168.12
627,blogspot.com,5106827,54457,Mexico,6778.42
628,woothemes.com,2616627,63305,China,8006.43
629,imdb.com,2138490,40956,Russia,160.66
630,washington.edu,9014377,89070,Lithuania,1904.42
631,geocities.jp,7024730,50057,China,4184.07
632,nymag.com,7101273,34786,Canada,6694.35
633,skype.com,4276749,12409,Colombia,3226.35
634,alexa.com,4492745,5503,Sweden,200.66
635,bloglovin.com,7536694,88270,Russia,5259.31
636,angelfire.com,2302211,11419,Myanmar,4396.32
637,biblegateway.com,3004382,37689,United States,2584.25
638,apple.com,2541549,51083,Angola,2523.57
639,berkeley.edu,7976668,53292,Australia,7358.63
640,topsy.com,4453239,11601,Indonesia,426.63
641,timesonline.co.uk,3189294,41105,China,9668.43
642,sina.com.cn,8401456,51597,Poland,7956.03
643,elpais.com,2085901,92953,Peru,152.65
644,dedecms.com,4688408,97253,Bosnia and Herzegovina,5273.54
645,typepad.com,4277520,14742,Russia,2290.85
646,1und1.de,3713262,70758,Malta,529.06
647,disqus.com,2145283,1015,Nigeria,1404.04
648,amazon.com,4889896,30158,Russia,3815.24
649,europa.eu,3840425,97113,Guatemala,1003.20
650,dyndns.org,3116223,95487,China,2988.90
651,a8.net,3842486,96239,Indonesia,8632.53
652,shop-pro.jp,4191382,43757,Indonesia,7899.94
653,alibaba.com,2251369,61773,Poland,1158.14
654,utexas.edu,1305067,49480,New Caledonia,8023.31
655,samsung.com,3596947,32865,France,327.01
656,printfriendly.com,9155387,20369,Portugal,6585.55
657,a8.net,9118396,26266,Vietnam,8634.39
658,dailymail.co.uk,2635531,16054,Albania,7824.90
659,tiny.cc,9082432,31313,Argentina,106.13
660,ted.com,3710911,31784,China,6324.73
661,home.pl,2787260,19716,China,1164.70
662,bing.com,6584265,61619,Kazakhstan,1822.46
663,bloglovin.com,5665696,72655,Mexico,9143.77
664,t.co,8970290,13204,Indonesia,6568.40
665,taobao.com,5228260,85433,Ukraine,3225.95
666,forbes.com,2194459,72618,China,5655.52
667,merriam-webster.com,7101119,86848,Germany,2616.93
668,phpbb.com,8319517,25059,Iran,2739.96
669,latimes.com,5621343,50942,Malta,6007.98
670,dell.com,5314810,47176,Russia,9316.20
671,hhs.gov,8834252,9305,Ukraine,480.90
672,accuweather.com,6087213,71799,Poland,3558.54
673,ebay.com,8351948,59051,Russia,4329.28
674,amazon.co.uk,3606768,79325,Macedonia,1552.23
675,hao123.com,9323941,66987,Ukraine,1710.59
676,blinklist.com,2906303,4251,Sweden,5684.46
677,tripod.com,8473975,38948,Colombia,171.52
678,eepurl.com,3860313,17393,China,634.59
679,over-blog.com,2812768,18710,Argentina,119.71
680,dion.ne.jp,7479612,59228,China,6143.40
681,shareasale.com,1172263,44737,China,3010.14
682,theglobeandmail.com,5391668,72786,Mexico,9597.79
683,about.me,3430895,76220,Canada,9146.01
684,nyu.edu,5252934,29217,Finland,9865.64
685,gravatar.com,1221652,86715,Brazil,4347.25
686,flickr.com,5226233,73393,China,9820.32
687,qq.com,8879509,85026,China,6107.80
688,cocolog-nifty.com,3634891,90970,Brazil,7497.45
689,123-reg.co.uk,4678695,34295,Guatemala,4538.44
690,flavors.me,5972059,78962,Pakistan,8757.82
691,bloomberg.com,9452577,41501,Russia,7602.08
692,smugmug.com,6506656,49900,Albania,6991.52
693,paypal.com,8791540,70346,Indonesia,8760.39
694,freewebs.com,2922636,30416,United States,7388.56
695,economist.com,4912520,70810,Malaysia,9851.50
696,oakley.com,6222186,42738,Peru,9352.55
697,theguardian.com,6172124,79461,Philippines,3553.77
698,thetimes.co.uk,4633761,87472,Russia,5356.52
699,upenn.edu,9942683,24943,France,8068.39
700,yale.edu,5072265,33895,Thailand,4343.63
701,psu.edu,4886465,72203,Thailand,5872.76
702,webmd.com,9986402,17038,China,4836.25
703,gmpg.org,9948509,78511,Russia,7807.98
704,skyrock.com,9601786,1935,Colombia,4658.92
705,123-reg.co.uk,2444714,85067,Croatia,7067.83
706,newsvine.com,8619458,22570,Sweden,2022.30
707,cbslocal.com,8027575,88178,Ireland,7354.77
708,nih.gov,4483050,2236,Portugal,8280.62
709,cnbc.com,4450320,87256,Indonesia,711.73
710,shop-pro.jp,3725771,32358,China,691.47
711,globo.com,4176133,75869,Colombia,261.02
712,qq.com,5851798,56799,Lebanon,2033.21
713,cdbaby.com,9781139,46170,Argentina,9257.96
714,wordpress.com,2217448,93182,Kuwait,6036.15
715,upenn.edu,9261587,49990,Greece,746.66
716,so-net.ne.jp,4991117,70391,Ukraine,1662.56
717,rambler.ru,6082714,81342,Norway,1363.69
718,behance.net,7602091,82937,Greece,3624.83
719,dion.ne.jp,3169487,47293,Indonesia,9484.08
720,nsw.gov.au,2158369,76066,Nigeria,5907.88
721,salon.com,5814192,19611,Syria,41.31
722,europa.eu,9547287,67597,Brazil,8506.28
723,youtu.be,2836543,28773,China,435.69
724,ehow.com,4928840,76568,Indonesia,1265.72
725,ezinearticles.com,2765083,49334,Nicaragua,6018.07
726,ted.com,6133123,45655,Philippines,6434.48
727,microsoft.com,4278938,68610,Indonesia,4791.76
728,merriam-webster.com,1911553,13976,Thailand,6073.71
729,time.com,4479765,40958,Russia,1399.24
730,state.tx.us,7119169,57905,Philippines,1388.86
731,google.ca,3278753,8894,Colombia,6404.13
732,sfgate.com,2064014,92299,Macedonia,4152.42
733,cocolog-nifty.com,3540724,81087,Zambia,8732.84
734,oracle.com,8476984,40354,Portugal,7253.36
735,dyndns.org,8547432,98848,Poland,5719.65
736,scribd.com,1749686,36120,Greece,437.32
737,naver.com,8964834,16067,Germany,5169.56
738,ebay.com,3662437,57010,Morocco,1142.33
739,google.ru,1649878,23866,Cayman Islands,1767.66
740,digg.com,5986122,95477,Switzerland,6564.19
741,twitpic.com,5386989,88206,Sweden,3644.42
742,usatoday.com,3140488,23627,Lithuania,8054.08
743,unesco.org,1509925,94072,Russia,6334.17
744,pen.io,3701064,19731,Ukraine,7214.15
745,dion.ne.jp,7003609,43834,Japan,5623.28
746,theatlantic.com,7756918,32591,United States,8393.46
747,reverbnation.com,9623170,76048,Mongolia,4923.91
748,alexa.com,2298525,97895,Brazil,3703.14
749,i2i.jp,9799386,53549,Portugal,3231.75
750,posterous.com,6439318,96236,France,2324.87
751,java.com,7433062,24868,China,8061.48
752,google.ca,3446612,91772,Russia,9858.23
753,prlog.org,9315255,95921,China,8846.30
754,whitehouse.gov,8129357,70629,Indonesia,8875.25
755,ft.com,3703646,70833,China,5117.27
756,mashable.com,9903487,61679,Marshall Islands,3703.27
757,bbc.co.uk,6844822,7721,Poland,6358.40
758,csmonitor.com,9862181,40136,China,2789.08
759,blogtalkradio.com,6965884,11903,Argentina,4873.28
760,cdbaby.com,7772226,84062,Portugal,6036.23
761,woothemes.com,9526523,64967,Ireland,5609.53
762,infoseek.co.jp,9215508,85239,Indonesia,9022.16
763,people.com.cn,3323521,59406,American Samoa,6627.35
764,discovery.com,4927107,18958,France,7473.33
765,bbb.org,2717532,1198,Poland,2310.02
766,indiatimes.com,5846139,27057,Chile,9284.98
767,ihg.com,7921334,66442,Croatia,833.32
768,wikispaces.com,6095319,72099,Philippines,7492.83
769,canalblog.com,9537134,4241,Belarus,9655.58
770,amazon.co.jp,4645475,32668,China,6577.42
771,nature.com,3073871,31833,Armenia,6045.40
772,ameblo.jp,4956315,94223,Russia,2235.52
773,booking.com,4557261,98205,Mongolia,7668.10
774,digg.com,7738197,18897,Albania,290.60
775,dyndns.org,4938949,15505,Brazil,217.46
776,engadget.com,4174017,74344,Russia,9662.63
777,accuweather.com,1057749,88769,Poland,2175.46
778,google.nl,9051939,13996,Russia,5780.27
779,taobao.com,2771278,50183,Philippines,6771.65
780,jimdo.com,7444872,95392,China,8460.84
781,wp.com,4204764,30301,China,5561.08
782,fema.gov,8075318,83041,Philippines,8497.69
783,gnu.org,9160943,85753,Nigeria,8983.93
784,dell.com,2433029,5766,Portugal,1957.22
785,bing.com,6073244,52358,Brazil,1838.63
786,infoseek.co.jp,7057888,89677,Guatemala,2944.35
787,walmart.com,5388967,5680,China,9297.57
788,flickr.com,8552079,93488,Norway,9298.59
789,omniture.com,7541583,17358,Poland,9017.06
790,vkontakte.ru,7536880,16364,Morocco,6366.40
791,fda.gov,3088549,72618,China,304.24
792,w3.org,5571909,85348,Armenia,1926.41
793,etsy.com,5258386,85753,Czech Republic,6109.41
794,yahoo.co.jp,7796211,3523,Poland,7025.62
795,washington.edu,2458624,79725,China,4957.90
796,npr.org,4393759,69053,United States,8316.56
797,mysql.com,1672876,69317,Indonesia,259.08
798,cnn.com,4084991,52284,Myanmar,6824.19
799,spotify.com,9095179,22735,Poland,762.83
800,technorati.com,6125641,95908,Brazil,8797.46
801,github.com,3554898,95308,New Zealand,7557.56
802,mapy.cz,3745842,72384,Russia,2417.26
803,wikia.com,3582298,1324,Venezuela,7963.30
804,springer.com,3097455,1946,Brazil,105.91
805,chronoengine.com,9563151,80359,Czech Republic,7420.16
806,ebay.co.uk,3058471,4696,Chad,9103.99
807,mashable.com,2920354,47346,Indonesia,9909.29
808,umich.edu,4880614,93200,Philippines,3062.99
809,sohu.com,3773680,53519,Canada,8869.35
810,usda.gov,6301430,54937,Venezuela,4403.51
811,admin.ch,6091730,55588,Cameroon,4894.20
812,indiegogo.com,3890328,48091,Russia,4482.09
813,forbes.com,8966993,19321,Finland,6368.92
814,wordpress.org,3481348,74619,Philippines,3386.72
815,prnewswire.com,3040701,8179,China,4114.59
816,miitbeian.gov.cn,9513634,40702,Belarus,1154.20
817,shareasale.com,7077850,85992,Norway,4074.85
818,hhs.gov,2835506,53941,China,9301.76
819,webnode.com,8210464,10278,Argentina,9882.80
820,virginia.edu,7980049,4992,Indonesia,7676.22
821,desdev.cn,9116875,40193,Thailand,3790.92
822,amazon.co.jp,4749597,38015,Indonesia,5062.48
823,bluehost.com,9044358,31519,Vietnam,8413.61
824,businessweek.com,2081681,63496,Mongolia,9634.48
825,bigcartel.com,6745883,30104,Kuwait,7894.34
826,wired.com,6750314,81684,China,3060.38
827,slate.com,8585623,2632,Indonesia,1574.47
828,blogger.com,1888216,48378,Peru,7896.80
829,wp.com,3862556,7662,Macedonia,9825.26
830,facebook.com,6603481,25028,Ukraine,4101.58
831,oracle.com,6874411,45143,Sweden,6720.16
832,economist.com,9519719,20507,Brazil,9396.15
833,pagesperso-orange.fr,7483284,74072,China,5916.77
834,nsw.gov.au,2682885,69928,China,3313.04
835,odnoklassniki.ru,2977768,8894,Armenia,6402.94
836,harvard.edu,1795083,572,Tajikistan,575.16
837,economist.com,5112882,82710,Lithuania,8014.77
838,answers.com,2356602,19902,China,7976.92
839,dmoz.org,1348494,52726,China,8845.41
840,ovh.net,8441946,22023,China,4347.93
841,stanford.edu,8999282,11455,Venezuela,207.41
842,hao123.com,8390169,98150,Jamaica,3028.96
843,nytimes.com,5051780,6580,United States,1084.71
844,booking.com,2478472,85321,Russia,6284.64
845,blogger.com,5460383,11094,China,61.19
846,unblog.fr,4163446,82572,Portugal,6784.10
847,arstechnica.com,9185368,85980,Lesotho,3867.33
848,ask.com,3681827,85804,Peru,6817.55
849,bbc.co.uk,8930884,71082,Peru,90.90
850,edublogs.org,9435446,68430,Argentina,8607.84
851,pcworld.com,6075220,88803,China,8358.66
852,cnbc.com,9495522,8989,China,1779.43
853,nature.com,9589521,98122,China,6812.31
854,wiley.com,6320977,4731,Canada,1618.62
855,reverbnation.com,2126755,86190,China,407.07
856,woothemes.com,8761955,60627,China,4364.48
857,tuttocitta.it,1531034,76152,Brazil,6637.63
858,a8.net,3538162,59512,Ukraine,5085.82
859,google.com.hk,8603553,73066,France,4231.95
860,sitemeter.com,8456486,25322,Mexico,7352.79
861,csmonitor.com,4462227,33903,Bolivia,6176.47
862,miibeian.gov.cn,9576033,5599,Indonesia,9030.15
863,mail.ru,7557912,4701,Indonesia,1366.51
864,fastcompany.com,5997513,57531,Russia,6663.22
865,ask.com,4034382,77576,Kazakhstan,2474.81
866,alibaba.com,7310165,77252,China,9672.26
867,nsw.gov.au,2504851,34118,Colombia,8621.87
868,toplist.cz,6984743,43791,Brazil,5019.04
869,businesswire.com,5990542,49916,Nigeria,8654.05
870,irs.gov,8067060,19235,Oman,8580.31
871,nih.gov,7703193,16690,New Zealand,3448.19
872,slideshare.net,3983584,11366,Argentina,4550.12
873,vinaora.com,8567679,3641,China,2228.59
874,paginegialle.it,4604344,62238,Poland,4778.87
875,w3.org,7435163,63981,Philippines,2258.24
876,pcworld.com,2336509,45542,Japan,3474.65
877,indiegogo.com,5985261,54066,Argentina,6889.54
878,virginia.edu,8569233,98605,France,5321.52
879,epa.gov,7808156,82804,Uganda,8008.20
880,pcworld.com,6545541,55846,China,2588.39
881,mail.ru,7915343,45082,Mozambique,8016.05
882,joomla.org,8094543,35985,Thailand,7993.21
883,sbwire.com,8822719,22998,Portugal,1620.99
884,youku.com,5709018,36742,Sweden,8357.89
885,github.com,2113006,93085,Kazakhstan,4103.77
886,blinklist.com,5926690,44636,Colombia,2260.97
887,blogs.com,1825122,66286,Argentina,145.41
888,cmu.edu,8867334,25190,Poland,6703.19
889,ehow.com,1342818,26019,Indonesia,5407.32
890,fda.gov,4821794,22146,Argentina,6170.78
891,comcast.net,6374681,71631,China,7065.84
892,wordpress.org,2399596,41752,Czech Republic,8035.70
893,china.com.cn,2536960,61327,Nepal,4975.37
894,twitpic.com,9737554,60489,Serbia,798.37
895,domainmarket.com,7494808,32657,France,3573.55
896,comcast.net,2570798,29193,China,9707.70
897,nymag.com,1248945,6058,China,164.29
898,clickbank.net,7113566,66705,France,9407.89
899,washington.edu,8169541,64117,Indonesia,5568.02
900,de.vu,6950688,86618,Sweden,3774.43
901,geocities.com,8109763,86046,China,8175.70
902,twitpic.com,7488062,66883,Philippines,7836.59
903,1und1.de,3547278,84053,Indonesia,4683.84
904,symantec.com,4599278,95332,Panama,4277.43
905,surveymonkey.com,5261140,13195,China,1396.15
906,about.me,2910406,91987,Zambia,4895.18
907,xing.com,7107724,20227,Philippines,2339.90
908,netvibes.com,3682345,59274,Russia,2483.42
909,w3.org,2770790,61939,Djibouti,3280.23
910,barnesandnoble.com,4356523,56943,Philippines,8171.32
911,sourceforge.net,2588443,98079,Venezuela,2385.15
912,alibaba.com,6220989,13369,Japan,9047.71
913,tinypic.com,6706342,11538,Uzbekistan,8427.94
914,nbcnews.com,1828331,8937,Colombia,9586.84
915,imageshack.us,1785020,53802,Philippines,1372.58
916,lycos.com,8025714,81382,Poland,5928.48
917,washingtonpost.com,2339523,95588,China,9044.18
918,google.com.br,7686015,3581,Indonesia,3952.04
919,ustream.tv,7500468,56698,China,8720.52
920,qq.com,9690791,79833,Iran,6420.64
921,sciencedirect.com,3574807,5268,Saudi Arabia,8639.95
922,blinklist.com,4258245,97981,Croatia,3258.81
923,ibm.com,8431740,75500,Indonesia,8514.52
924,1und1.de,1971398,30869,Honduras,6394.78
925,microsoft.com,2084561,85679,Guatemala,2475.84
926,paypal.com,2321618,13700,Nigeria,1980.89
927,apple.com,6637550,75167,United States,6222.94
928,cnn.com,4718552,92264,Indonesia,3320.84
929,mozilla.org,4258963,39241,Indonesia,6060.54
930,usgs.gov,7369094,30231,Malawi,719.73
931,army.mil,9053493,54156,Armenia,1520.47
932,skyrock.com,3866634,34920,Portugal,3695.68
933,hexun.com,6288648,15888,Iran,2050.00
934,prnewswire.com,5689430,39383,Vietnam,8316.23
935,cdbaby.com,6252521,3649,China,9372.54
936,walmart.com,4559461,46170,Indonesia,8313.08
937,blogs.com,3748794,48253,Ukraine,1878.18
938,scientificamerican.com,1874754,55067,Armenia,7143.30
939,google.nl,8548612,57294,Indonesia,1957.21
940,dailymotion.com,5618199,12020,Brazil,4008.88
941,stanford.edu,7180813,37071,Indonesia,6905.61
942,craigslist.org,9059839,88945,Philippines,7142.18
943,bandcamp.com,7897972,94965,Ivory Coast,8648.85
944,xing.com,9957350,6409,Indonesia,2040.72
945,mac.com,3551819,54629,Lithuania,9291.21
946,wordpress.org,5728398,88426,China,6149.03
947,techcrunch.com,9405458,50856,Philippines,2524.93
948,shareasale.com,3074116,85100,Portugal,4410.00
949,delicious.com,3546312,79362,Slovenia,344.58
950,howstuffworks.com,2587174,74084,Venezuela,626.04
951,kickstarter.com,2348400,4288,Egypt,7811.32
952,yahoo.co.jp,5100039,12461,Ukraine,2435.23
953,last.fm,5450473,1517,Russia,6247.33
954,redcross.org,2098096,83260,China,5048.49
955,engadget.com,4762295,18278,Afghanistan,7805.14
956,photobucket.com,2798492,6127,Montenegro,3730.29
957,cnbc.com,3856310,97625,Philippines,161.75
958,google.co.uk,2582342,91029,Indonesia,154.85
959,about.com,1788577,96266,France,8963.19
960,house.gov,9300134,81058,United States,4497.64
961,1und1.de,2850499,10060,Indonesia,9435.00
962,nationalgeographic.com,8258004,24811,Ukraine,5759.37
963,gmpg.org,8440634,97016,China,7843.20
964,imgur.com,2554308,31970,Sweden,1114.98
965,newyorker.com,7160842,15795,Estonia,1365.20
966,gravatar.com,6464575,16294,Russia,2537.12
967,jiathis.com,9302276,20306,United Kingdom,1525.06
968,angelfire.com,7349519,35350,Netherlands,2816.61
969,whitehouse.gov,4197071,43137,South Africa,3257.40
970,discovery.com,8862914,46085,United States,9302.77
971,fema.gov,6019344,15005,Czech Republic,533.55
972,foxnews.com,3830490,11417,Russia,5813.70
973,shinystat.com,8413343,16722,Morocco,9896.88
974,abc.net.au,3437967,11308,China,7215.62
975,sbwire.com,2718810,50341,Jamaica,4246.85
976,nasa.gov,1692947,5049,Peru,5908.43
977,pbs.org,8932871,83017,China,7653.31
978,weebly.com,5179606,88566,Nicaragua,6354.77
979,utexas.edu,8892608,46603,Palestinian Territory,3646.54
980,sina.com.cn,9160101,52492,China,9675.77
981,technorati.com,7276921,46749,Brazil,8017.30
982,shop-pro.jp,4814829,53164,Poland,1413.66
983,privacy.gov.au,2728589,90511,Tanzania,9009.64
984,usa.gov,4883994,54977,Slovenia,8795.03
985,meetup.com,7823872,96775,Canada,357.39
986,vimeo.com,7916032,19647,Indonesia,4495.23
987,ask.com,5028369,74600,Russia,3543.83
988,senate.gov,9159040,13689,Russia,990.36
989,google.ca,2696125,20241,Indonesia,4665.53
990,sciencedaily.com,3933786,28802,Kenya,9822.81
991,hibu.com,3649169,7471,Uganda,6723.56
992,example.com,5046510,28261,Tanzania,9489.58
993,mtv.com,5259739,16448,Vietnam,441.44
994,yale.edu,3799890,71399,Guatemala,6454.18
995,yolasite.com,1760855,35206,China,5117.95
996,diigo.com,7082443,48842,Peru,571.93
997,yelp.com,4679112,14921,Macedonia,8447.73
998,lycos.com,5782579,85062,Ukraine,9987.87
999,addtoany.com,4466483,17672,China,4547.29
1000,google.com.hk,7891515,47433,Azerbaijan,5728.96
